Date,Course,Percentage
2018-03-05,AGILITY,0%
2018-03-05,AGILITY,0%
2018-03-05,AGILITY,0%
2018-03-05,AGILITY,22%
2018-03-05,AGILITY,20%
2018-03-05,AGILITY,0%
2018-03-05,AGILITY,80%
2018-03-05,AGILITY,0%
2018-03-05,AGILITY,0%
2018-03-05,AGILITY,0%
2018-03-05,AGILITY,94%
2018-03-05,AGILITY,20%
2018-03-05,AGILITY,0%
2018-03-05,AGILITY,0%
2018-03-05,AGILITY,96%
2018-03-05,AGILITY,100%
2018-03-05,AGILITY,0%
2018-03-05,AGILITY,0%
2018-03-05,AGILITY,0%
2018-03-05,AGILITY,10%
2018-03-05,AGILITY,0%
2018-03-05,AGILITY,0%
2018-03-05,AGILITY,0%
2018-03-05,AGILITY,0%
2018-03-05,AGILITY,0%
2018-03-05,AGILITY,0%
2018-03-05,AGILITY,0%
2018-03-05,AGILITY,0%
2018-03-05,AGILITY,0%
2018-03-05,AGILITY,0%
2018-03-05,AGILITY,0%
2018-03-05,AGILITY,14%
2018-03-05,AGILITY,0%
2018-03-05,AGILITY,22%
2018-03-05,AGILITY,0%
2018-03-05,AGILITY,63%
2018-03-05,AGILITY,0%
2018-03-05,AGILITY,0%
2018-03-05,AGILITY,0%
2018-03-05,AGILITY,0%
2018-03-05,AGILITY,18%
2018-03-05,AGILITY,0%
2018-03-05,AGILITY,0%
2018-03-05,AGILITY,0%
2018-03-05,AGILITY,0%
2018-03-05,AGILITY,0%
2018-03-05,AGILITY,0%
2018-03-05,AGILITY,92%
2018-03-05,AGILITY,0%
2018-03-05,AGILITY,0%
2018-03-05,AGILITY,0%
2018-03-05,AGILITY,0%
2018-03-05,AGILITY,0%
2018-03-05,AGILITY,0%
2018-03-05,AGILITY,0%
2018-03-05,AGILITY,92%
2018-03-05,AGILITY,20%
2018-03-05,AGILITY,2%
2018-03-05,AGILITY,0%
2018-03-05,AGILITY,0%
2018-03-05,AGILITY,96%
2018-03-05,AGILITY,0%
2018-03-05,AGILITY,0%
2018-03-05,AGILITY,0%
2018-03-05,AGILITY,0%
2018-03-05,AGILITY,6%
2018-03-05,AGILITY,0%
2018-03-05,AGILITY,0%
2018-03-05,AGILITY,0%
2018-03-05,AGILITY,0%
2018-03-05,AGILITY,100%
2018-03-05,AGILITY,4%
2018-03-05,AGILITY,0%
2018-03-05,AGILITY,0%
2018-03-05,AGILITY,0%
2018-03-05,AGILITY,0%
2018-03-05,AGILITY,22%
2018-03-05,AGILITY,0%
2018-03-05,AGILITY,0%
2018-03-05,AGILITY,0%
2018-03-05,AGILITY,0%
2018-03-05,AGILITY,0%
2018-03-05,AGILITY,0%
2018-03-05,AGILITY,86%
2018-03-05,AGILITY,0%
2018-03-05,AGILITY,100%
2018-03-05,AGILITY,0%
2018-03-05,AGILITY,0%
2018-03-05,AGILITY,20%
2018-03-05,AGILITY,0%
2018-03-05,AGILITY,39%
2018-03-05,AGILITY,0%
2018-03-05,AGILITY,0%
2018-03-05,AGILITY,0%
2018-03-05,AGILITY,0%
2018-03-05,AGILITY,0%
2018-03-05,AGILITY,0%
2018-03-05,AGILITY,0%
2018-03-05,AGILITY,14%
2018-03-05,AGILITY,0%
2018-03-05,AGILITY,0%
2018-03-05,AGILITY,100%
2018-03-05,AGILITY,0%
2018-03-05,AGILITY,100%
2018-03-05,AGILITY,0%
2018-03-05,AGILITY,0%
2018-03-05,AGILITY,47%
2018-03-05,AGILITY,0%
2018-03-05,AGILITY,0%
2018-03-05,AGILITY,0%
2018-03-05,AGILITY,100%
2018-03-05,AGILITY,0%
2018-03-05,AGILITY,0%
2018-03-05,AGILITY,100%
2018-03-05,AGILITY,18%
2018-03-05,AGILITY,0%
2018-03-05,AGILITY,0%
2018-03-05,AGILITY,0%
2018-03-05,AGILITY,0%
2018-03-05,AGILITY,0%
2018-03-05,AGILITY,0%
2018-03-05,AGILITY,10%
2018-03-05,AGILITY,100%
2018-03-05,AGILITY,20%
2018-03-05,AGILITY,6%
2018-03-05,AGILITY,0%
2018-03-05,AGILITY,0%
2018-03-05,AGILITY,45%
2018-03-05,AGILITY,100%
2018-03-05,AGILITY,0%
2018-03-05,AGILITY,0%
2018-03-05,AGILITY,0%
2018-03-05,AGILITY,0%
2018-03-05,AGILITY,0%
2018-03-05,AGILITY,0%
2018-03-05,AGILITY,0%
2018-03-05,AGILITY,0%
2018-03-05,AGILITY,0%
2018-03-05,AGILITY,98%
2018-03-05,AGILITY,0%
2018-03-05,AGILITY,0%
2018-03-05,AGILITY,0%
2018-03-05,AGILITY,0%
2018-03-05,AGILITY,0%
2018-03-05,AGILITY,0%
2018-03-05,AGILITY,0%
2018-03-05,AGILITY,0%
2018-03-05,AGILITY,0%
2018-03-05,AGILITY,0%
2018-03-05,AGILITY,98%
2018-03-05,AGILITY,73%
2018-03-05,AGILITY,0%
2018-03-05,AGILITY,45%
2018-03-05,AGILITY,0%
2018-03-05,AGILITY,0%
2018-03-05,AGILITY,0%
2018-03-05,AGILITY,94%
2018-03-05,AGILITY,0%
2018-03-05,AGILITY,0%
2018-03-05,AGILITY,98%
2018-03-05,AGILITY,0%
2018-03-05,AGILITY,0%
2018-03-05,AGILITY,22%
2018-03-05,AGILITY,0%
2018-03-05,AGILITY,0%
2018-03-05,AGILITY,0%
2018-03-05,AGILITY,0%
2018-03-05,AGILITY,0%
2018-03-05,AGILITY,0%
2018-03-05,AGILITY,0%
2018-03-05,AGILITY,4%
2018-03-05,AGILITY,43%
2018-03-05,AGILITY,0%
2018-03-05,AGILITY,100%
2018-03-05,AGILITY,0%
2018-03-05,AGILITY,2%
2018-03-05,AGILITY,2%
2018-03-05,AGILITY,0%
2018-03-05,AGILITY,0%
2018-03-05,AGILITY,0%
2018-03-05,AGILITY,0%
2018-03-05,AGILITY,0%
2018-03-05,AGILITY,0%
2018-03-05,AGILITY,0%
2018-03-05,AGILITY,0%
2018-03-05,AGILITY,96%
2018-03-05,AGILITY,0%
2018-03-05,AGILITY,0%
2018-03-05,AGILITY,98%
2018-03-05,BLOCKCHAIN,0%
2018-03-05,BLOCKCHAIN,0%
2018-03-05,BLOCKCHAIN,0%
2018-03-05,BLOCKCHAIN,0%
2018-03-05,BLOCKCHAIN,0%
2018-03-05,BLOCKCHAIN,0%
2018-03-05,BLOCKCHAIN,0%
2018-03-05,BLOCKCHAIN,0%
2018-03-05,BLOCKCHAIN,0%
2018-03-05,BLOCKCHAIN,0%
2018-03-05,BLOCKCHAIN,0%
2018-03-05,BLOCKCHAIN,0%
2018-03-05,BLOCKCHAIN,0%
2018-03-05,BLOCKCHAIN,0%
2018-03-05,BLOCKCHAIN,0%
2018-03-05,BLOCKCHAIN,0%
2018-03-05,BLOCKCHAIN,0%
2018-03-05,BLOCKCHAIN,0%
2018-03-05,BLOCKCHAIN,0%
2018-03-05,BLOCKCHAIN,0%
2018-03-05,BLOCKCHAIN,0%
2018-03-05,BLOCKCHAIN,0%
2018-03-05,BLOCKCHAIN,0%
2018-03-05,BLOCKCHAIN,0%
2018-03-05,BLOCKCHAIN,0%
2018-03-05,BLOCKCHAIN,0%
2018-03-05,BLOCKCHAIN,0%
2018-03-05,BLOCKCHAIN,0%
2018-03-05,BLOCKCHAIN,0%
2018-03-05,BLOCKCHAIN,0%
2018-03-05,BLOCKCHAIN,0%
2018-03-05,BLOCKCHAIN,0%
2018-03-05,BLOCKCHAIN,0%
2018-03-05,BLOCKCHAIN,0%
2018-03-05,BLOCKCHAIN,0%
2018-03-05,BLOCKCHAIN,0%
2018-03-05,BLOCKCHAIN,0%
2018-03-05,BLOCKCHAIN,0%
2018-03-05,BLOCKCHAIN,0%
2018-03-05,BLOCKCHAIN,0%
2018-03-05,BLOCKCHAIN,0%
2018-03-05,BLOCKCHAIN,0%
2018-03-05,BLOCKCHAIN,0%
2018-03-05,BLOCKCHAIN,0%
2018-03-05,BLOCKCHAIN,0%
2018-03-05,BLOCKCHAIN,0%
2018-03-05,BLOCKCHAIN,0%
2018-03-05,BLOCKCHAIN,0%
2018-03-05,BLOCKCHAIN,0%
2018-03-05,BLOCKCHAIN,0%
2018-03-05,BLOCKCHAIN,0%
2018-03-05,BLOCKCHAIN,0%
2018-03-05,BLOCKCHAIN,0%
2018-03-05,BLOCKCHAIN,0%
2018-03-05,BLOCKCHAIN,0%
2018-03-05,BLOCKCHAIN,0%
2018-03-05,BLOCKCHAIN,0%
2018-03-05,BLOCKCHAIN,0%
2018-03-05,BLOCKCHAIN,0%
2018-03-05,BLOCKCHAIN,0%
2018-03-05,BLOCKCHAIN,0%
2018-03-05,BLOCKCHAIN,0%
2018-03-05,BLOCKCHAIN,0%
2018-03-05,BLOCKCHAIN,0%
2018-03-05,BLOCKCHAIN,0%
2018-03-05,BLOCKCHAIN,0%
2018-03-05,BLOCKCHAIN,0%
2018-03-05,BLOCKCHAIN,0%
2018-03-05,BLOCKCHAIN,0%
2018-03-05,BLOCKCHAIN,0%
2018-03-05,BLOCKCHAIN,0%
2018-03-05,BLOCKCHAIN,0%
2018-03-05,BLOCKCHAIN,0%
2018-03-05,BLOCKCHAIN,0%
2018-03-05,BLOCKCHAIN,0%
2018-03-05,BLOCKCHAIN,0%
2018-03-05,BLOCKCHAIN,0%
2018-03-05,BLOCKCHAIN,0%
2018-03-05,BLOCKCHAIN,0%
2018-03-05,BLOCKCHAIN,0%
2018-03-05,BLOCKCHAIN,0%
2018-03-05,BLOCKCHAIN,0%
2018-03-05,BLOCKCHAIN,0%
2018-03-05,BLOCKCHAIN,0%
2018-03-05,BLOCKCHAIN,0%
2018-03-05,BLOCKCHAIN,0%
2018-03-05,BLOCKCHAIN,0%
2018-03-05,BLOCKCHAIN,0%
2018-03-05,BLOCKCHAIN,0%
2018-03-05,BLOCKCHAIN,0%
2018-03-05,BLOCKCHAIN,0%
2018-03-05,BLOCKCHAIN,0%
2018-03-05,BLOCKCHAIN,0%
2018-03-05,BLOCKCHAIN,0%
2018-03-05,BLOCKCHAIN,0%
2018-03-05,BLOCKCHAIN,0%
2018-03-05,BLOCKCHAIN,0%
2018-03-05,BLOCKCHAIN,0%
2018-03-05,BLOCKCHAIN,0%
2018-03-05,BLOCKCHAIN,0%
2018-03-05,BLOCKCHAIN,0%
2018-03-05,BLOCKCHAIN,0%
2018-03-05,BLOCKCHAIN,0%
2018-03-05,BLOCKCHAIN,0%
2018-03-05,BLOCKCHAIN,0%
2018-03-05,BLOCKCHAIN,0%
2018-03-05,BLOCKCHAIN,0%
2018-03-05,BLOCKCHAIN,0%
2018-03-05,BLOCKCHAIN,0%
2018-03-05,BLOCKCHAIN,0%
2018-03-05,BLOCKCHAIN,0%
2018-03-05,BLOCKCHAIN,0%
2018-03-05,BLOCKCHAIN,0%
2018-03-05,BLOCKCHAIN,0%
2018-03-05,BLOCKCHAIN,0%
2018-03-05,BLOCKCHAIN,0%
2018-03-05,BLOCKCHAIN,0%
2018-03-05,BLOCKCHAIN,0%
2018-03-05,BLOCKCHAIN,0%
2018-03-05,BLOCKCHAIN,0%
2018-03-05,BLOCKCHAIN,0%
2018-03-05,BLOCKCHAIN,0%
2018-03-05,BLOCKCHAIN,0%
2018-03-05,BLOCKCHAIN,0%
2018-03-05,BLOCKCHAIN,0%
2018-03-05,BLOCKCHAIN,0%
2018-03-05,BLOCKCHAIN,0%
2018-03-05,BLOCKCHAIN,0%
2018-03-05,BLOCKCHAIN,0%
2018-03-05,BLOCKCHAIN,0%
2018-03-05,BLOCKCHAIN,0%
2018-03-05,BLOCKCHAIN,0%
2018-03-05,BLOCKCHAIN,0%
2018-03-05,BLOCKCHAIN,0%
2018-03-05,BLOCKCHAIN,0%
2018-03-05,BLOCKCHAIN,0%
2018-03-05,BLOCKCHAIN,0%
2018-03-05,BLOCKCHAIN,0%
2018-03-05,BLOCKCHAIN,0%
2018-03-05,BLOCKCHAIN,0%
2018-03-05,BLOCKCHAIN,0%
2018-03-05,BLOCKCHAIN,13%
2018-03-05,BLOCKCHAIN,0%
2018-03-05,BLOCKCHAIN,0%
2018-03-05,BLOCKCHAIN,0%
2018-03-05,BLOCKCHAIN,0%
2018-03-05,BLOCKCHAIN,0%
2018-03-05,BLOCKCHAIN,0%
2018-03-05,BLOCKCHAIN,0%
2018-03-05,BLOCKCHAIN,0%
2018-03-05,BLOCKCHAIN,0%
2018-03-05,BLOCKCHAIN,0%
2018-03-05,BLOCKCHAIN,0%
2018-03-05,BLOCKCHAIN,0%
2018-03-05,BLOCKCHAIN,0%
2018-03-05,BLOCKCHAIN,0%
2018-03-05,BLOCKCHAIN,0%
2018-03-05,BLOCKCHAIN,0%
2018-03-05,BLOCKCHAIN,0%
2018-03-05,BLOCKCHAIN,0%
2018-03-05,BLOCKCHAIN,0%
2018-03-05,BLOCKCHAIN,0%
2018-03-05,BLOCKCHAIN,0%
2018-03-05,BLOCKCHAIN,0%
2018-03-05,BLOCKCHAIN,0%
2018-03-05,BLOCKCHAIN,0%
2018-03-05,BLOCKCHAIN,0%
2018-03-05,BLOCKCHAIN,0%
2018-03-05,BLOCKCHAIN,0%
2018-03-05,BLOCKCHAIN,0%
2018-03-05,BLOCKCHAIN,0%
2018-03-05,BLOCKCHAIN,0%
2018-03-05,BLOCKCHAIN,0%
2018-03-05,BLOCKCHAIN,0%
2018-03-05,BLOCKCHAIN,0%
2018-03-05,BLOCKCHAIN,0%
2018-03-05,BLOCKCHAIN,0%
2018-03-05,BLOCKCHAIN,0%
2018-03-05,BLOCKCHAIN,0%
2018-03-05,BLOCKCHAIN,0%
2018-03-05,BLOCKCHAIN,0%
2018-03-05,BLOCKCHAIN,0%
2018-03-05,BLOCKCHAIN,0%
2018-03-05,BLOCKCHAIN,0%
2018-03-05,BLOCKCHAIN,0%
2018-03-05,BLOCKCHAIN,0%
2018-03-05,BLOCKCHAIN,0%
2018-03-05,BLOCKCHAIN,0%
2018-03-05,BLOCKCHAIN,0%
2018-03-05,CFI,0%
2018-03-05,CFI,0%
2018-03-05,CFI,0%
2018-03-05,CFI,0%
2018-03-05,CFI,0%
2018-03-05,CFI,0%
2018-03-05,CFI,0%
2018-03-05,CFI,0%
2018-03-05,CFI,0%
2018-03-05,CFI,0%
2018-03-05,CFI,0%
2018-03-05,CFI,0%
2018-03-05,CFI,0%
2018-03-05,CFI,0%
2018-03-05,CFI,0%
2018-03-05,CFI,0%
2018-03-05,CFI,0%
2018-03-05,CFI,0%
2018-03-05,CFI,0%
2018-03-05,CFI,0%
2018-03-05,CFI,0%
2018-03-05,CFI,0%
2018-03-05,CFI,0%
2018-03-05,CFI,0%
2018-03-05,CFI,0%
2018-03-05,CFI,0%
2018-03-05,CFI,0%
2018-03-05,CFI,0%
2018-03-05,CFI,0%
2018-03-05,CFI,0%
2018-03-05,CFI,0%
2018-03-05,CFI,0%
2018-03-05,CFI,0%
2018-03-05,CFI,0%
2018-03-05,CFI,0%
2018-03-05,CFI,0%
2018-03-05,CFI,0%
2018-03-05,CFI,0%
2018-03-05,CFI,0%
2018-03-05,CFI,0%
2018-03-05,CFI,0%
2018-03-05,CFI,0%
2018-03-05,CFI,0%
2018-03-05,CFI,0%
2018-03-05,CFI,0%
2018-03-05,CFI,0%
2018-03-05,CFI,0%
2018-03-05,CFI,0%
2018-03-05,CFI,0%
2018-03-05,CFI,0%
2018-03-05,CFI,0%
2018-03-05,CFI,0%
2018-03-05,CFI,0%
2018-03-05,CFI,0%
2018-03-05,CFI,0%
2018-03-05,CFI,0%
2018-03-05,CFI,0%
2018-03-05,CFI,0%
2018-03-05,CFI,0%
2018-03-05,CFI,0%
2018-03-05,CFI,0%
2018-03-05,CFI,0%
2018-03-05,CFI,0%
2018-03-05,CFI,0%
2018-03-05,CFI,0%
2018-03-05,CFI,0%
2018-03-05,CFI,0%
2018-03-05,CFI,0%
2018-03-05,CFI,0%
2018-03-05,CFI,0%
2018-03-05,CFI,0%
2018-03-05,CFI,0%
2018-03-05,CFI,0%
2018-03-05,CFI,0%
2018-03-05,CFI,0%
2018-03-05,CFI,0%
2018-03-05,CFI,0%
2018-03-05,CFI,0%
2018-03-05,CFI,0%
2018-03-05,CFI,0%
2018-03-05,CFI,0%
2018-03-05,CFI,0%
2018-03-05,CFI,0%
2018-03-05,CFI,0%
2018-03-05,CFI,0%
2018-03-05,CFI,0%
2018-03-05,CFI,0%
2018-03-05,CFI,0%
2018-03-05,CFI,0%
2018-03-05,CFI,0%
2018-03-05,CFI,0%
2018-03-05,CFI,0%
2018-03-05,CFI,0%
2018-03-05,CFI,0%
2018-03-05,CFI,0%
2018-03-05,CFI,0%
2018-03-05,CFI,0%
2018-03-05,CFI,0%
2018-03-05,CFI,0%
2018-03-05,CFI,0%
2018-03-05,CFI,0%
2018-03-05,CFI,0%
2018-03-05,CFI,0%
2018-03-05,CFI,0%
2018-03-05,CFI,0%
2018-03-05,CFI,0%
2018-03-05,CFI,0%
2018-03-05,CFI,0%
2018-03-05,CFI,0%
2018-03-05,CFI,0%
2018-03-05,CFI,0%
2018-03-05,CFI,0%
2018-03-05,CFI,0%
2018-03-05,CFI,0%
2018-03-05,CFI,0%
2018-03-05,CFI,0%
2018-03-05,CFI,0%
2018-03-05,CFI,0%
2018-03-05,CFI,0%
2018-03-05,CFI,0%
2018-03-05,CFI,0%
2018-03-05,CFI,0%
2018-03-05,CFI,0%
2018-03-05,CFI,0%
2018-03-05,CFI,0%
2018-03-05,CFI,0%
2018-03-05,CFI,0%
2018-03-05,CFI,0%
2018-03-05,CFI,0%
2018-03-05,CFI,0%
2018-03-05,CFI,0%
2018-03-05,CFI,0%
2018-03-05,CFI,0%
2018-03-05,CFI,0%
2018-03-05,CFI,0%
2018-03-05,CFI,0%
2018-03-05,CFI,0%
2018-03-05,CFI,0%
2018-03-05,CFI,0%
2018-03-05,CFI,0%
2018-03-05,CFI,0%
2018-03-05,CFI,0%
2018-03-05,CFI,0%
2018-03-05,CFI,0%
2018-03-05,CFI,0%
2018-03-05,CFI,0%
2018-03-05,CFI,0%
2018-03-05,CFI,0%
2018-03-05,CFI,0%
2018-03-05,CFI,0%
2018-03-05,CFI,0%
2018-03-05,CFI,0%
2018-03-05,CFI,0%
2018-03-05,CFI,0%
2018-03-05,CFI,0%
2018-03-05,CFI,0%
2018-03-05,CFI,0%
2018-03-05,CFI,0%
2018-03-05,CFI,0%
2018-03-05,CFI,0%
2018-03-05,CFI,0%
2018-03-05,CFI,0%
2018-03-05,CFI,0%
2018-03-05,CFI,0%
2018-03-05,CFI,0%
2018-03-05,CFI,0%
2018-03-05,CFI,0%
2018-03-05,CFI,0%
2018-03-05,CFI,0%
2018-03-05,CFI,0%
2018-03-05,CFI,0%
2018-03-05,CFI,1%
2018-03-05,CFI,0%
2018-03-05,CFI,0%
2018-03-05,CFI,0%
2018-03-05,CFI,0%
2018-03-05,CFI,0%
2018-03-05,CFI,0%
2018-03-05,CFI,0%
2018-03-05,CFI,0%
2018-03-05,CFI,0%
2018-03-05,CFI,0%
2018-03-05,CFI,0%
2018-03-05,CFI,0%
2018-03-05,CFI,0%
2018-03-05,CFI,0%
2018-03-05,CFI,0%
2018-03-05,CFI,0%
2018-03-05,CFI,0%
2018-03-05,DESIGN,0%
2018-03-05,DESIGN,0%
2018-03-05,DESIGN,0%
2018-03-05,DESIGN,0%
2018-03-05,DESIGN,0%
2018-03-05,DESIGN,0%
2018-03-05,DESIGN,0%
2018-03-05,DESIGN,0%
2018-03-05,DESIGN,0%
2018-03-05,DESIGN,0%
2018-03-05,DESIGN,0%
2018-03-05,DESIGN,0%
2018-03-05,DESIGN,0%
2018-03-05,DESIGN,0%
2018-03-05,DESIGN,0%
2018-03-05,DESIGN,0%
2018-03-05,DESIGN,0%
2018-03-05,DESIGN,0%
2018-03-05,DESIGN,0%
2018-03-05,DESIGN,0%
2018-03-05,DESIGN,0%
2018-03-05,DESIGN,0%
2018-03-05,DESIGN,0%
2018-03-05,DESIGN,0%
2018-03-05,DESIGN,0%
2018-03-05,DESIGN,0%
2018-03-05,DESIGN,0%
2018-03-05,DESIGN,0%
2018-03-05,DESIGN,0%
2018-03-05,DESIGN,0%
2018-03-05,DESIGN,0%
2018-03-05,DESIGN,0%
2018-03-05,DESIGN,0%
2018-03-05,DESIGN,0%
2018-03-05,DESIGN,0%
2018-03-05,DESIGN,0%
2018-03-05,DESIGN,0%
2018-03-05,DESIGN,0%
2018-03-05,DESIGN,0%
2018-03-05,DESIGN,0%
2018-03-05,DESIGN,0%
2018-03-05,DESIGN,0%
2018-03-05,DESIGN,0%
2018-03-05,DESIGN,0%
2018-03-05,DESIGN,0%
2018-03-05,DESIGN,0%
2018-03-05,DESIGN,0%
2018-03-05,DESIGN,0%
2018-03-05,DESIGN,0%
2018-03-05,DESIGN,0%
2018-03-05,DESIGN,0%
2018-03-05,DESIGN,0%
2018-03-05,DESIGN,0%
2018-03-05,DESIGN,0%
2018-03-05,DESIGN,0%
2018-03-05,DESIGN,0%
2018-03-05,DESIGN,0%
2018-03-05,DESIGN,0%
2018-03-05,DESIGN,0%
2018-03-05,DESIGN,0%
2018-03-05,DESIGN,0%
2018-03-05,DESIGN,0%
2018-03-05,DESIGN,0%
2018-03-05,DESIGN,0%
2018-03-05,DESIGN,0%
2018-03-05,DESIGN,0%
2018-03-05,DESIGN,0%
2018-03-05,DESIGN,0%
2018-03-05,DESIGN,0%
2018-03-05,DESIGN,0%
2018-03-05,DESIGN,0%
2018-03-05,DESIGN,0%
2018-03-05,DESIGN,0%
2018-03-05,DESIGN,0%
2018-03-05,DESIGN,0%
2018-03-05,DESIGN,0%
2018-03-05,DESIGN,0%
2018-03-05,DESIGN,0%
2018-03-05,DESIGN,0%
2018-03-05,DESIGN,0%
2018-03-05,DESIGN,0%
2018-03-05,DESIGN,0%
2018-03-05,DESIGN,0%
2018-03-05,DESIGN,0%
2018-03-05,DESIGN,0%
2018-03-05,DESIGN,0%
2018-03-05,DESIGN,0%
2018-03-05,DESIGN,0%
2018-03-05,DESIGN,0%
2018-03-05,DESIGN,0%
2018-03-05,DESIGN,0%
2018-03-05,DESIGN,0%
2018-03-05,DESIGN,0%
2018-03-05,DESIGN,0%
2018-03-05,DESIGN,0%
2018-03-05,DESIGN,0%
2018-03-05,DESIGN,0%
2018-03-05,DESIGN,0%
2018-03-05,DESIGN,0%
2018-03-05,DESIGN,0%
2018-03-05,DESIGN,0%
2018-03-05,DESIGN,0%
2018-03-05,DESIGN,0%
2018-03-05,DESIGN,0%
2018-03-05,DESIGN,0%
2018-03-05,DESIGN,0%
2018-03-05,DESIGN,0%
2018-03-05,DESIGN,0%
2018-03-05,DESIGN,0%
2018-03-05,DESIGN,0%
2018-03-05,DESIGN,0%
2018-03-05,DESIGN,0%
2018-03-05,DESIGN,0%
2018-03-05,DESIGN,0%
2018-03-05,DESIGN,0%
2018-03-05,DESIGN,0%
2018-03-05,DESIGN,0%
2018-03-05,DESIGN,0%
2018-03-05,DESIGN,0%
2018-03-05,DESIGN,0%
2018-03-05,DESIGN,0%
2018-03-05,DESIGN,0%
2018-03-05,DESIGN,0%
2018-03-05,DESIGN,0%
2018-03-05,DESIGN,0%
2018-03-05,DESIGN,0%
2018-03-05,DESIGN,0%
2018-03-05,DESIGN,0%
2018-03-05,DESIGN,0%
2018-03-05,DESIGN,0%
2018-03-05,DESIGN,0%
2018-03-05,DESIGN,0%
2018-03-05,DESIGN,0%
2018-03-05,DESIGN,0%
2018-03-05,DESIGN,0%
2018-03-05,DESIGN,0%
2018-03-05,DESIGN,0%
2018-03-05,DESIGN,0%
2018-03-05,DESIGN,0%
2018-03-05,DESIGN,0%
2018-03-05,DESIGN,0%
2018-03-05,DESIGN,0%
2018-03-05,DESIGN,0%
2018-03-05,DESIGN,0%
2018-03-05,DESIGN,0%
2018-03-05,DESIGN,0%
2018-03-05,DESIGN,0%
2018-03-05,DESIGN,0%
2018-03-05,DESIGN,0%
2018-03-05,DESIGN,0%
2018-03-05,DESIGN,0%
2018-03-05,DESIGN,0%
2018-03-05,DESIGN,0%
2018-03-05,DESIGN,0%
2018-03-05,DESIGN,0%
2018-03-05,DESIGN,0%
2018-03-05,DESIGN,0%
2018-03-05,DESIGN,0%
2018-03-05,DESIGN,0%
2018-03-05,DESIGN,0%
2018-03-05,DESIGN,0%
2018-03-05,DESIGN,0%
2018-03-05,DESIGN,0%
2018-03-05,DESIGN,0%
2018-03-05,DESIGN,0%
2018-03-05,DESIGN,0%
2018-03-05,DESIGN,0%
2018-03-05,DESIGN,0%
2018-03-05,DESIGN,0%
2018-03-05,DESIGN,0%
2018-03-05,DESIGN,0%
2018-03-05,DESIGN,0%
2018-03-05,DESIGN,0%
2018-03-05,DESIGN,0%
2018-03-05,DESIGN,0%
2018-03-05,DESIGN,0%
2018-03-05,DESIGN,0%
2018-03-05,DESIGN,0%
2018-03-05,DESIGN,0%
2018-03-05,DESIGN,0%
2018-03-05,DESIGN,0%
2018-03-05,DESIGN,0%
2018-03-05,DESIGN,0%
2018-03-05,DESIGN,0%
2018-03-05,DESIGN,0%
2018-03-05,DESIGN,0%
2018-03-05,DESIGN,0%
2018-03-05,DESIGN,0%
2018-03-05,DESIGN,0%
2018-03-05,MVP,0%
2018-03-05,MVP,0%
2018-03-05,MVP,0%
2018-03-05,MVP,0%
2018-03-05,MVP,0%
2018-03-05,MVP,0%
2018-03-05,MVP,0%
2018-03-05,MVP,0%
2018-03-05,MVP,0%
2018-03-05,MVP,0%
2018-03-05,MVP,0%
2018-03-05,MVP,0%
2018-03-05,MVP,0%
2018-03-05,MVP,0%
2018-03-05,MVP,0%
2018-03-05,MVP,0%
2018-03-05,MVP,0%
2018-03-05,MVP,0%
2018-03-05,MVP,0%
2018-03-05,MVP,0%
2018-03-05,MVP,0%
2018-03-05,MVP,0%
2018-03-05,MVP,0%
2018-03-05,MVP,0%
2018-03-05,MVP,0%
2018-03-05,MVP,0%
2018-03-05,MVP,0%
2018-03-05,MVP,0%
2018-03-05,MVP,0%
2018-03-05,MVP,0%
2018-03-05,MVP,0%
2018-03-05,MVP,0%
2018-03-05,MVP,0%
2018-03-05,MVP,0%
2018-03-05,MVP,0%
2018-03-05,MVP,0%
2018-03-05,MVP,0%
2018-03-05,MVP,0%
2018-03-05,MVP,0%
2018-03-05,MVP,0%
2018-03-05,MVP,0%
2018-03-05,MVP,0%
2018-03-05,MVP,0%
2018-03-05,MVP,0%
2018-03-05,MVP,0%
2018-03-05,MVP,0%
2018-03-05,MVP,0%
2018-03-05,MVP,0%
2018-03-05,MVP,0%
2018-03-05,MVP,0%
2018-03-05,MVP,0%
2018-03-05,MVP,0%
2018-03-05,MVP,0%
2018-03-05,MVP,0%
2018-03-05,MVP,0%
2018-03-05,MVP,0%
2018-03-05,MVP,0%
2018-03-05,MVP,0%
2018-03-05,MVP,0%
2018-03-05,MVP,0%
2018-03-05,MVP,0%
2018-03-05,MVP,0%
2018-03-05,MVP,0%
2018-03-05,MVP,0%
2018-03-05,MVP,0%
2018-03-05,MVP,0%
2018-03-05,MVP,0%
2018-03-05,MVP,0%
2018-03-05,MVP,0%
2018-03-05,MVP,0%
2018-03-05,MVP,0%
2018-03-05,MVP,0%
2018-03-05,MVP,0%
2018-03-05,MVP,0%
2018-03-05,MVP,0%
2018-03-05,MVP,0%
2018-03-05,MVP,0%
2018-03-05,MVP,0%
2018-03-05,MVP,0%
2018-03-05,MVP,0%
2018-03-05,MVP,0%
2018-03-05,MVP,0%
2018-03-05,MVP,0%
2018-03-05,MVP,0%
2018-03-05,MVP,0%
2018-03-05,MVP,0%
2018-03-05,MVP,0%
2018-03-05,MVP,0%
2018-03-05,MVP,0%
2018-03-05,MVP,0%
2018-03-05,MVP,0%
2018-03-05,MVP,0%
2018-03-05,MVP,0%
2018-03-05,MVP,0%
2018-03-05,MVP,0%
2018-03-05,MVP,0%
2018-03-05,MVP,0%
2018-03-05,MVP,0%
2018-03-05,MVP,0%
2018-03-05,MVP,0%
2018-03-05,MVP,0%
2018-03-05,MVP,0%
2018-03-05,MVP,0%
2018-03-05,MVP,0%
2018-03-05,MVP,0%
2018-03-05,MVP,0%
2018-03-05,MVP,0%
2018-03-05,MVP,0%
2018-03-05,MVP,0%
2018-03-05,MVP,0%
2018-03-05,MVP,0%
2018-03-05,MVP,0%
2018-03-05,MVP,0%
2018-03-05,MVP,0%
2018-03-05,MVP,0%
2018-03-05,MVP,0%
2018-03-05,MVP,0%
2018-03-05,MVP,0%
2018-03-05,MVP,0%
2018-03-05,MVP,0%
2018-03-05,MVP,0%
2018-03-05,MVP,0%
2018-03-05,MVP,0%
2018-03-05,MVP,0%
2018-03-05,MVP,0%
2018-03-05,MVP,0%
2018-03-05,MVP,0%
2018-03-05,MVP,0%
2018-03-05,MVP,0%
2018-03-05,MVP,0%
2018-03-05,MVP,0%
2018-03-05,MVP,0%
2018-03-05,MVP,0%
2018-03-05,MVP,0%
2018-03-05,MVP,0%
2018-03-05,MVP,0%
2018-03-05,MVP,0%
2018-03-05,MVP,0%
2018-03-05,MVP,0%
2018-03-05,MVP,0%
2018-03-05,MVP,0%
2018-03-05,MVP,0%
2018-03-05,MVP,0%
2018-03-05,MVP,0%
2018-03-05,MVP,0%
2018-03-05,MVP,0%
2018-03-05,MVP,0%
2018-03-05,MVP,0%
2018-03-05,MVP,0%
2018-03-05,MVP,0%
2018-03-05,MVP,0%
2018-03-05,MVP,0%
2018-03-05,MVP,0%
2018-03-05,MVP,0%
2018-03-05,MVP,0%
2018-03-05,MVP,0%
2018-03-05,MVP,0%
2018-03-05,MVP,0%
2018-03-05,MVP,0%
2018-03-05,MVP,0%
2018-03-05,MVP,0%
2018-03-05,MVP,0%
2018-03-05,MVP,0%
2018-03-05,MVP,0%
2018-03-05,MVP,0%
2018-03-05,MVP,0%
2018-03-05,MVP,0%
2018-03-05,MVP,0%
2018-03-05,MVP,0%
2018-03-05,MVP,0%
2018-03-05,MVP,0%
2018-03-05,MVP,0%
2018-03-05,MVP,0%
2018-03-05,MVP,0%
2018-03-05,MVP,0%
2018-03-05,MVP,0%
2018-03-05,MVP,0%
2018-03-05,MVP,0%
2018-03-05,MVP,0%
2018-03-05,MVP,0%
2018-03-05,MVP,0%
2018-03-05,MVP,0%
2018-03-05,MVP,0%
2018-03-05,MVP,0%
2018-03-05,MVP,0%
2018-03-05,MVP,0%
2018-03-05,MVP,0%
2018-03-05,MVP,0%
2018-03-05,MVP,0%
2018-03-05,SCP,0%
2018-03-05,SCP,0%
2018-03-05,SCP,12%
2018-03-05,SCP,0%
2018-03-05,SCP,0%
2018-03-05,SCP,0%
2018-03-05,SCP,0%
2018-03-05,SCP,0%
2018-03-05,SCP,0%
2018-03-05,SCP,0%
2018-03-05,SCP,15%
2018-03-05,SCP,0%
2018-03-05,SCP,0%
2018-03-05,SCP,76%
2018-03-05,SCP,0%
2018-03-05,SCP,0%
2018-03-05,SCP,0%
2018-03-05,SCP,0%
2018-03-05,SCP,0%
2018-03-05,SCP,16%
2018-03-05,SCP,0%
2018-03-05,SCP,0%
2018-03-05,SCP,0%
2018-03-05,SCP,0%
2018-03-05,SCP,0%
2018-03-05,SCP,0%
2018-03-05,SCP,74%
2018-03-05,SCP,0%
2018-03-05,SCP,0%
2018-03-05,SCP,94%
2018-03-05,SCP,0%
2018-03-05,SCP,8%
2018-03-05,SCP,8%
2018-03-05,SCP,0%
2018-03-05,SCP,0%
2018-03-05,SCP,0%
2018-03-05,SCP,0%
2018-03-05,SCP,0%
2018-03-05,SCP,0%
2018-03-05,SCP,0%
2018-03-05,SCP,0%
2018-03-05,SCP,32%
2018-03-05,SCP,0%
2018-03-05,SCP,0%
2018-03-05,SCP,36%
2018-03-05,SCP,0%
2018-03-05,SCP,0%
2018-03-05,SCP,0%
2018-03-05,SCP,0%
2018-03-05,SCP,0%
2018-03-05,SCP,0%
2018-03-05,SCP,0%
2018-03-05,SCP,0%
2018-03-05,SCP,0%
2018-03-05,SCP,0%
2018-03-05,SCP,0%
2018-03-05,SCP,0%
2018-03-05,SCP,0%
2018-03-05,SCP,0%
2018-03-05,SCP,0%
2018-03-05,SCP,93%
2018-03-05,SCP,0%
2018-03-05,SCP,0%
2018-03-05,SCP,0%
2018-03-05,SCP,0%
2018-03-05,SCP,0%
2018-03-05,SCP,0%
2018-03-05,SCP,0%
2018-03-05,SCP,0%
2018-03-05,SCP,0%
2018-03-05,SCP,0%
2018-03-05,SCP,0%
2018-03-05,SCP,0%
2018-03-05,SCP,0%
2018-03-05,SCP,0%
2018-03-05,SCP,4%
2018-03-05,SCP,0%
2018-03-05,SCP,0%
2018-03-05,SCP,0%
2018-03-05,SCP,0%
2018-03-05,SCP,0%
2018-03-05,SCP,0%
2018-03-05,SCP,0%
2018-03-05,SCP,0%
2018-03-05,SCP,0%
2018-03-05,SCP,60%
2018-03-05,SCP,0%
2018-03-05,SCP,0%
2018-03-05,SCP,0%
2018-03-05,SCP,0%
2018-03-05,SCP,0%
2018-03-05,SCP,0%
2018-03-05,SCP,35%
2018-03-05,SCP,0%
2018-03-05,SCP,0%
2018-03-05,SCP,0%
2018-03-05,SCP,88%
2018-03-05,SCP,100%
2018-03-05,SCP,0%
2018-03-05,SCP,0%
2018-03-05,SCP,0%
2018-03-05,SCP,0%
2018-03-05,SCP,0%
2018-03-05,SCP,1%
2018-03-05,SCP,0%
2018-03-05,SCP,0%
2018-03-05,SCP,0%
2018-03-05,SCP,0%
2018-03-05,SCP,0%
2018-03-05,SCP,0%
2018-03-05,SCP,0%
2018-03-05,SCP,52%
2018-03-05,SCP,0%
2018-03-05,SCP,0%
2018-03-05,SCP,0%
2018-03-05,SCP,6%
2018-03-05,SCP,0%
2018-03-05,SCP,0%
2018-03-05,SCP,0%
2018-03-05,SCP,0%
2018-03-05,SCP,0%
2018-03-05,SCP,0%
2018-03-05,SCP,0%
2018-03-05,SCP,0%
2018-03-05,SCP,3%
2018-03-05,SCP,0%
2018-03-05,SCP,52%
2018-03-05,SCP,8%
2018-03-05,SCP,26%
2018-03-05,SCP,0%
2018-03-05,SCP,0%
2018-03-05,SCP,0%
2018-03-05,SCP,0%
2018-03-05,SCP,0%
2018-03-05,SCP,96%
2018-03-05,SCP,0%
2018-03-05,SCP,0%
2018-03-05,SCP,0%
2018-03-05,SCP,8%
2018-03-05,SCP,0%
2018-03-05,SCP,0%
2018-03-05,SCP,0%
2018-03-05,SCP,0%
2018-03-05,SCP,0%
2018-03-05,SCP,0%
2018-03-05,SCP,0%
2018-03-05,SCP,0%
2018-03-05,SCP,0%
2018-03-05,SCP,0%
2018-03-05,SCP,9%
2018-03-05,SCP,0%
2018-03-05,SCP,0%
2018-03-05,SCP,0%
2018-03-05,SCP,3%
2018-03-05,SCP,17%
2018-03-05,SCP,0%
2018-03-05,SCP,0%
2018-03-05,SCP,0%
2018-03-05,SCP,0%
2018-03-05,SCP,0%
2018-03-05,SCP,0%
2018-03-05,SCP,0%
2018-03-05,SCP,0%
2018-03-05,SCP,0%
2018-03-05,SCP,0%
2018-03-05,SCP,0%
2018-03-05,SCP,0%
2018-03-05,SCP,0%
2018-03-05,SCP,0%
2018-03-05,SCP,0%
2018-03-05,SCP,35%
2018-03-05,SCP,4%
2018-03-05,SCP,0%
2018-03-05,SCP,14%
2018-03-05,SCP,0%
2018-03-05,SCP,0%
2018-03-05,SCP,0%
2018-03-05,SCP,0%
2018-03-05,SCP,0%
2018-03-05,SCP,0%
2018-03-05,SCP,0%
2018-03-05,SCP,0%
2018-03-05,SCP,0%
2018-03-05,SCP,34%
2018-03-05,SCP,0%
2018-03-05,SCP,1%
2018-03-05,SCP,0%
2018-03-05,SCP,0%
2018-03-05,SCP,6%
2018-03-05,ROBO,0%
2018-03-05,ROBO,0%
2018-03-05,ROBO,0%
2018-03-05,ROBO,0%
2018-03-05,ROBO,0%
2018-03-05,ROBO,0%
2018-03-05,ROBO,0%
2018-03-05,ROBO,0%
2018-03-05,ROBO,0%
2018-03-05,ROBO,0%
2018-03-05,ROBO,0%
2018-03-05,ROBO,0%
2018-03-05,ROBO,0%
2018-03-05,ROBO,0%
2018-03-05,ROBO,0%
2018-03-05,ROBO,0%
2018-03-05,ROBO,0%
2018-03-05,ROBO,0%
2018-03-05,ROBO,0%
2018-03-05,ROBO,0%
2018-03-05,ROBO,0%
2018-03-05,ROBO,0%
2018-03-05,ROBO,0%
2018-03-05,ROBO,0%
2018-03-05,ROBO,0%
2018-03-05,ROBO,0%
2018-03-05,ROBO,0%
2018-03-05,ROBO,0%
2018-03-05,ROBO,0%
2018-03-05,ROBO,0%
2018-03-05,ROBO,0%
2018-03-05,ROBO,0%
2018-03-05,ROBO,0%
2018-03-05,ROBO,0%
2018-03-05,ROBO,0%
2018-03-05,ROBO,0%
2018-03-05,ROBO,0%
2018-03-05,ROBO,0%
2018-03-05,ROBO,0%
2018-03-05,ROBO,0%
2018-03-05,ROBO,0%
2018-03-05,ROBO,0%
2018-03-05,ROBO,0%
2018-03-05,ROBO,0%
2018-03-05,ROBO,0%
2018-03-05,ROBO,0%
2018-03-05,ROBO,0%
2018-03-05,ROBO,0%
2018-03-05,ROBO,0%
2018-03-05,ROBO,0%
2018-03-05,ROBO,0%
2018-03-05,ROBO,0%
2018-03-05,ROBO,0%
2018-03-05,ROBO,0%
2018-03-05,ROBO,0%
2018-03-05,ROBO,0%
2018-03-05,ROBO,0%
2018-03-05,ROBO,0%
2018-03-05,ROBO,0%
2018-03-05,ROBO,0%
2018-03-05,ROBO,0%
2018-03-05,ROBO,0%
2018-03-05,ROBO,0%
2018-03-05,ROBO,0%
2018-03-05,ROBO,0%
2018-03-05,ROBO,0%
2018-03-05,ROBO,0%
2018-03-05,ROBO,0%
2018-03-05,ROBO,0%
2018-03-05,ROBO,0%
2018-03-05,ROBO,0%
2018-03-05,ROBO,0%
2018-03-05,ROBO,0%
2018-03-05,ROBO,0%
2018-03-05,ROBO,0%
2018-03-05,ROBO,0%
2018-03-05,ROBO,0%
2018-03-05,ROBO,0%
2018-03-05,ROBO,0%
2018-03-05,ROBO,0%
2018-03-05,ROBO,0%
2018-03-05,ROBO,0%
2018-03-05,ROBO,0%
2018-03-05,ROBO,0%
2018-03-05,ROBO,0%
2018-03-05,ROBO,0%
2018-03-05,ROBO,0%
2018-03-05,ROBO,0%
2018-03-05,ROBO,0%
2018-03-05,ROBO,0%
2018-03-05,ROBO,0%
2018-03-05,ROBO,0%
2018-03-05,ROBO,0%
2018-03-05,ROBO,0%
2018-03-05,ROBO,0%
2018-03-05,ROBO,0%
2018-03-05,ROBO,0%
2018-03-05,ROBO,0%
2018-03-05,ROBO,0%
2018-03-05,ROBO,0%
2018-03-05,ROBO,0%
2018-03-05,ROBO,0%
2018-03-05,ROBO,0%
2018-03-05,ROBO,0%
2018-03-05,ROBO,0%
2018-03-05,ROBO,0%
2018-03-05,ROBO,0%
2018-03-05,ROBO,0%
2018-03-05,ROBO,0%
2018-03-05,ROBO,96%
2018-03-05,ROBO,0%
2018-03-05,ROBO,0%
2018-03-05,ROBO,0%
2018-03-05,ROBO,0%
2018-03-05,ROBO,0%
2018-03-05,ROBO,0%
2018-03-05,ROBO,0%
2018-03-05,ROBO,0%
2018-03-05,ROBO,0%
2018-03-05,ROBO,0%
2018-03-05,ROBO,0%
2018-03-05,ROBO,0%
2018-03-05,ROBO,0%
2018-03-05,ROBO,0%
2018-03-05,ROBO,0%
2018-03-05,ROBO,0%
2018-03-05,ROBO,0%
2018-03-05,ROBO,0%
2018-03-05,ROBO,0%
2018-03-05,ROBO,0%
2018-03-05,ROBO,0%
2018-03-05,ROBO,0%
2018-03-05,ROBO,0%
2018-03-05,ROBO,0%
2018-03-05,ROBO,0%
2018-03-05,ROBO,0%
2018-03-05,ROBO,0%
2018-03-05,ROBO,0%
2018-03-05,ROBO,0%
2018-03-05,ROBO,0%
2018-03-05,ROBO,0%
2018-03-05,ROBO,0%
2018-03-05,ROBO,0%
2018-03-05,ROBO,0%
2018-03-05,ROBO,0%
2018-03-05,ROBO,0%
2018-03-05,ROBO,0%
2018-03-05,ROBO,0%
2018-03-05,ROBO,0%
2018-03-05,ROBO,0%
2018-03-05,ROBO,0%
2018-03-05,ROBO,0%
2018-03-05,ROBO,0%
2018-03-05,ROBO,0%
2018-03-05,ROBO,0%
2018-03-05,ROBO,0%
2018-03-05,ROBO,0%
2018-03-05,ROBO,0%
2018-03-05,ROBO,0%
2018-03-05,ROBO,0%
2018-03-05,ROBO,0%
2018-03-05,ROBO,0%
2018-03-05,ROBO,0%
2018-03-05,ROBO,0%
2018-03-05,ROBO,0%
2018-03-05,ROBO,0%
2018-03-05,ROBO,0%
2018-03-05,ROBO,0%
2018-03-05,ROBO,0%
2018-03-05,ROBO,0%
2018-03-05,ROBO,0%
2018-03-05,ROBO,0%
2018-03-05,ROBO,0%
2018-03-05,ROBO,0%
2018-03-05,ROBO,0%
2018-03-05,ROBO,0%
2018-03-05,ROBO,0%
2018-03-05,ROBO,0%
2018-03-05,ROBO,0%
2018-03-05,ROBO,0%
2018-03-05,ROBO,0%
2018-03-05,ROBO,0%
2018-03-05,ROBO,0%
2018-03-05,ROBO,0%
2018-03-05,ROBO,0%
2018-03-05,ROBO,0%
2018-03-05,ROBO,0%
2018-03-05,ROBO,0%
2018-03-05,ROBO,0%
2018-03-12,AGILITY,0%
2018-03-12,AGILITY,0%
2018-03-12,AGILITY,0%
2018-03-12,AGILITY,22%
2018-03-12,AGILITY,20%
2018-03-12,AGILITY,0%
2018-03-12,AGILITY,80%
2018-03-12,AGILITY,0%
2018-03-12,AGILITY,0%
2018-03-12,AGILITY,0%
2018-03-12,AGILITY,94%
2018-03-12,AGILITY,20%
2018-03-12,AGILITY,0%
2018-03-12,AGILITY,0%
2018-03-12,AGILITY,96%
2018-03-12,AGILITY,100%
2018-03-12,AGILITY,0%
2018-03-12,AGILITY,0%
2018-03-12,AGILITY,0%
2018-03-12,AGILITY,10%
2018-03-12,AGILITY,0%
2018-03-12,AGILITY,0%
2018-03-12,AGILITY,0%
2018-03-12,AGILITY,0%
2018-03-12,AGILITY,0%
2018-03-12,AGILITY,0%
2018-03-12,AGILITY,0%
2018-03-12,AGILITY,0%
2018-03-12,AGILITY,22%
2018-03-12,AGILITY,0%
2018-03-12,AGILITY,0%
2018-03-12,AGILITY,0%
2018-03-12,AGILITY,14%
2018-03-12,AGILITY,0%
2018-03-12,AGILITY,22%
2018-03-12,AGILITY,0%
2018-03-12,AGILITY,63%
2018-03-12,AGILITY,0%
2018-03-12,AGILITY,0%
2018-03-12,AGILITY,0%
2018-03-12,AGILITY,0%
2018-03-12,AGILITY,18%
2018-03-12,AGILITY,0%
2018-03-12,AGILITY,0%
2018-03-12,AGILITY,0%
2018-03-12,AGILITY,0%
2018-03-12,AGILITY,0%
2018-03-12,AGILITY,0%
2018-03-12,AGILITY,100%
2018-03-12,AGILITY,0%
2018-03-12,AGILITY,0%
2018-03-12,AGILITY,0%
2018-03-12,AGILITY,0%
2018-03-12,AGILITY,0%
2018-03-12,AGILITY,0%
2018-03-12,AGILITY,0%
2018-03-12,AGILITY,92%
2018-03-12,AGILITY,20%
2018-03-12,AGILITY,2%
2018-03-12,AGILITY,0%
2018-03-12,AGILITY,0%
2018-03-12,AGILITY,96%
2018-03-12,AGILITY,0%
2018-03-12,AGILITY,0%
2018-03-12,AGILITY,0%
2018-03-12,AGILITY,0%
2018-03-12,AGILITY,6%
2018-03-12,AGILITY,0%
2018-03-12,AGILITY,0%
2018-03-12,AGILITY,0%
2018-03-12,AGILITY,0%
2018-03-12,AGILITY,100%
2018-03-12,AGILITY,4%
2018-03-12,AGILITY,0%
2018-03-12,AGILITY,0%
2018-03-12,AGILITY,0%
2018-03-12,AGILITY,0%
2018-03-12,AGILITY,22%
2018-03-12,AGILITY,0%
2018-03-12,AGILITY,0%
2018-03-12,AGILITY,0%
2018-03-12,AGILITY,0%
2018-03-12,AGILITY,80%
2018-03-12,AGILITY,0%
2018-03-12,AGILITY,86%
2018-03-12,AGILITY,0%
2018-03-12,AGILITY,100%
2018-03-12,AGILITY,0%
2018-03-12,AGILITY,0%
2018-03-12,AGILITY,20%
2018-03-12,AGILITY,0%
2018-03-12,AGILITY,39%
2018-03-12,AGILITY,0%
2018-03-12,AGILITY,0%
2018-03-12,AGILITY,0%
2018-03-12,AGILITY,0%
2018-03-12,AGILITY,0%
2018-03-12,AGILITY,0%
2018-03-12,AGILITY,0%
2018-03-12,AGILITY,14%
2018-03-12,AGILITY,0%
2018-03-12,AGILITY,0%
2018-03-12,AGILITY,100%
2018-03-12,AGILITY,0%
2018-03-12,AGILITY,100%
2018-03-12,AGILITY,0%
2018-03-12,AGILITY,0%
2018-03-12,AGILITY,47%
2018-03-12,AGILITY,0%
2018-03-12,AGILITY,0%
2018-03-12,AGILITY,0%
2018-03-12,AGILITY,100%
2018-03-12,AGILITY,0%
2018-03-12,AGILITY,0%
2018-03-12,AGILITY,100%
2018-03-12,AGILITY,18%
2018-03-12,AGILITY,0%
2018-03-12,AGILITY,0%
2018-03-12,AGILITY,0%
2018-03-12,AGILITY,0%
2018-03-12,AGILITY,0%
2018-03-12,AGILITY,0%
2018-03-12,AGILITY,10%
2018-03-12,AGILITY,100%
2018-03-12,AGILITY,20%
2018-03-12,AGILITY,6%
2018-03-12,AGILITY,0%
2018-03-12,AGILITY,0%
2018-03-12,AGILITY,45%
2018-03-12,AGILITY,100%
2018-03-12,AGILITY,0%
2018-03-12,AGILITY,0%
2018-03-12,AGILITY,0%
2018-03-12,AGILITY,0%
2018-03-12,AGILITY,0%
2018-03-12,AGILITY,0%
2018-03-12,AGILITY,0%
2018-03-12,AGILITY,0%
2018-03-12,AGILITY,0%
2018-03-12,AGILITY,98%
2018-03-12,AGILITY,0%
2018-03-12,AGILITY,0%
2018-03-12,AGILITY,0%
2018-03-12,AGILITY,0%
2018-03-12,AGILITY,0%
2018-03-12,AGILITY,0%
2018-03-12,AGILITY,0%
2018-03-12,AGILITY,0%
2018-03-12,AGILITY,0%
2018-03-12,AGILITY,0%
2018-03-12,AGILITY,98%
2018-03-12,AGILITY,73%
2018-03-12,AGILITY,0%
2018-03-12,AGILITY,45%
2018-03-12,AGILITY,0%
2018-03-12,AGILITY,0%
2018-03-12,AGILITY,0%
2018-03-12,AGILITY,94%
2018-03-12,AGILITY,0%
2018-03-12,AGILITY,0%
2018-03-12,AGILITY,98%
2018-03-12,AGILITY,0%
2018-03-12,AGILITY,0%
2018-03-12,AGILITY,22%
2018-03-12,AGILITY,0%
2018-03-12,AGILITY,65%
2018-03-12,AGILITY,0%
2018-03-12,AGILITY,0%
2018-03-12,AGILITY,0%
2018-03-12,AGILITY,0%
2018-03-12,AGILITY,0%
2018-03-12,AGILITY,4%
2018-03-12,AGILITY,43%
2018-03-12,AGILITY,0%
2018-03-12,AGILITY,100%
2018-03-12,AGILITY,0%
2018-03-12,AGILITY,2%
2018-03-12,AGILITY,2%
2018-03-12,AGILITY,0%
2018-03-12,AGILITY,0%
2018-03-12,AGILITY,0%
2018-03-12,AGILITY,0%
2018-03-12,AGILITY,0%
2018-03-12,AGILITY,0%
2018-03-12,AGILITY,0%
2018-03-12,AGILITY,0%
2018-03-12,AGILITY,96%
2018-03-12,AGILITY,0%
2018-03-12,AGILITY,0%
2018-03-12,AGILITY,98%
2018-03-12,BLOCKCHAIN,0%
2018-03-12,BLOCKCHAIN,0%
2018-03-12,BLOCKCHAIN,0%
2018-03-12,BLOCKCHAIN,0%
2018-03-12,BLOCKCHAIN,0%
2018-03-12,BLOCKCHAIN,0%
2018-03-12,BLOCKCHAIN,0%
2018-03-12,BLOCKCHAIN,0%
2018-03-12,BLOCKCHAIN,0%
2018-03-12,BLOCKCHAIN,0%
2018-03-12,BLOCKCHAIN,0%
2018-03-12,BLOCKCHAIN,0%
2018-03-12,BLOCKCHAIN,0%
2018-03-12,BLOCKCHAIN,0%
2018-03-12,BLOCKCHAIN,0%
2018-03-12,BLOCKCHAIN,0%
2018-03-12,BLOCKCHAIN,0%
2018-03-12,BLOCKCHAIN,0%
2018-03-12,BLOCKCHAIN,0%
2018-03-12,BLOCKCHAIN,0%
2018-03-12,BLOCKCHAIN,0%
2018-03-12,BLOCKCHAIN,0%
2018-03-12,BLOCKCHAIN,0%
2018-03-12,BLOCKCHAIN,0%
2018-03-12,BLOCKCHAIN,0%
2018-03-12,BLOCKCHAIN,0%
2018-03-12,BLOCKCHAIN,0%
2018-03-12,BLOCKCHAIN,0%
2018-03-12,BLOCKCHAIN,0%
2018-03-12,BLOCKCHAIN,0%
2018-03-12,BLOCKCHAIN,0%
2018-03-12,BLOCKCHAIN,0%
2018-03-12,BLOCKCHAIN,0%
2018-03-12,BLOCKCHAIN,0%
2018-03-12,BLOCKCHAIN,0%
2018-03-12,BLOCKCHAIN,0%
2018-03-12,BLOCKCHAIN,0%
2018-03-12,BLOCKCHAIN,0%
2018-03-12,BLOCKCHAIN,0%
2018-03-12,BLOCKCHAIN,0%
2018-03-12,BLOCKCHAIN,0%
2018-03-12,BLOCKCHAIN,0%
2018-03-12,BLOCKCHAIN,0%
2018-03-12,BLOCKCHAIN,0%
2018-03-12,BLOCKCHAIN,0%
2018-03-12,BLOCKCHAIN,0%
2018-03-12,BLOCKCHAIN,0%
2018-03-12,BLOCKCHAIN,0%
2018-03-12,BLOCKCHAIN,0%
2018-03-12,BLOCKCHAIN,0%
2018-03-12,BLOCKCHAIN,0%
2018-03-12,BLOCKCHAIN,0%
2018-03-12,BLOCKCHAIN,0%
2018-03-12,BLOCKCHAIN,0%
2018-03-12,BLOCKCHAIN,0%
2018-03-12,BLOCKCHAIN,0%
2018-03-12,BLOCKCHAIN,0%
2018-03-12,BLOCKCHAIN,0%
2018-03-12,BLOCKCHAIN,0%
2018-03-12,BLOCKCHAIN,0%
2018-03-12,BLOCKCHAIN,0%
2018-03-12,BLOCKCHAIN,0%
2018-03-12,BLOCKCHAIN,0%
2018-03-12,BLOCKCHAIN,0%
2018-03-12,BLOCKCHAIN,0%
2018-03-12,BLOCKCHAIN,0%
2018-03-12,BLOCKCHAIN,0%
2018-03-12,BLOCKCHAIN,0%
2018-03-12,BLOCKCHAIN,0%
2018-03-12,BLOCKCHAIN,0%
2018-03-12,BLOCKCHAIN,0%
2018-03-12,BLOCKCHAIN,0%
2018-03-12,BLOCKCHAIN,0%
2018-03-12,BLOCKCHAIN,0%
2018-03-12,BLOCKCHAIN,0%
2018-03-12,BLOCKCHAIN,0%
2018-03-12,BLOCKCHAIN,0%
2018-03-12,BLOCKCHAIN,0%
2018-03-12,BLOCKCHAIN,0%
2018-03-12,BLOCKCHAIN,0%
2018-03-12,BLOCKCHAIN,0%
2018-03-12,BLOCKCHAIN,0%
2018-03-12,BLOCKCHAIN,0%
2018-03-12,BLOCKCHAIN,0%
2018-03-12,BLOCKCHAIN,0%
2018-03-12,BLOCKCHAIN,0%
2018-03-12,BLOCKCHAIN,0%
2018-03-12,BLOCKCHAIN,0%
2018-03-12,BLOCKCHAIN,0%
2018-03-12,BLOCKCHAIN,0%
2018-03-12,BLOCKCHAIN,0%
2018-03-12,BLOCKCHAIN,0%
2018-03-12,BLOCKCHAIN,0%
2018-03-12,BLOCKCHAIN,0%
2018-03-12,BLOCKCHAIN,0%
2018-03-12,BLOCKCHAIN,0%
2018-03-12,BLOCKCHAIN,0%
2018-03-12,BLOCKCHAIN,0%
2018-03-12,BLOCKCHAIN,0%
2018-03-12,BLOCKCHAIN,0%
2018-03-12,BLOCKCHAIN,0%
2018-03-12,BLOCKCHAIN,0%
2018-03-12,BLOCKCHAIN,0%
2018-03-12,BLOCKCHAIN,0%
2018-03-12,BLOCKCHAIN,0%
2018-03-12,BLOCKCHAIN,0%
2018-03-12,BLOCKCHAIN,0%
2018-03-12,BLOCKCHAIN,0%
2018-03-12,BLOCKCHAIN,0%
2018-03-12,BLOCKCHAIN,0%
2018-03-12,BLOCKCHAIN,0%
2018-03-12,BLOCKCHAIN,0%
2018-03-12,BLOCKCHAIN,0%
2018-03-12,BLOCKCHAIN,0%
2018-03-12,BLOCKCHAIN,0%
2018-03-12,BLOCKCHAIN,0%
2018-03-12,BLOCKCHAIN,0%
2018-03-12,BLOCKCHAIN,0%
2018-03-12,BLOCKCHAIN,0%
2018-03-12,BLOCKCHAIN,0%
2018-03-12,BLOCKCHAIN,0%
2018-03-12,BLOCKCHAIN,0%
2018-03-12,BLOCKCHAIN,0%
2018-03-12,BLOCKCHAIN,0%
2018-03-12,BLOCKCHAIN,0%
2018-03-12,BLOCKCHAIN,0%
2018-03-12,BLOCKCHAIN,0%
2018-03-12,BLOCKCHAIN,0%
2018-03-12,BLOCKCHAIN,0%
2018-03-12,BLOCKCHAIN,0%
2018-03-12,BLOCKCHAIN,0%
2018-03-12,BLOCKCHAIN,0%
2018-03-12,BLOCKCHAIN,0%
2018-03-12,BLOCKCHAIN,0%
2018-03-12,BLOCKCHAIN,0%
2018-03-12,BLOCKCHAIN,0%
2018-03-12,BLOCKCHAIN,0%
2018-03-12,BLOCKCHAIN,0%
2018-03-12,BLOCKCHAIN,0%
2018-03-12,BLOCKCHAIN,0%
2018-03-12,BLOCKCHAIN,0%
2018-03-12,BLOCKCHAIN,0%
2018-03-12,BLOCKCHAIN,13%
2018-03-12,BLOCKCHAIN,0%
2018-03-12,BLOCKCHAIN,0%
2018-03-12,BLOCKCHAIN,0%
2018-03-12,BLOCKCHAIN,0%
2018-03-12,BLOCKCHAIN,0%
2018-03-12,BLOCKCHAIN,0%
2018-03-12,BLOCKCHAIN,0%
2018-03-12,BLOCKCHAIN,0%
2018-03-12,BLOCKCHAIN,0%
2018-03-12,BLOCKCHAIN,0%
2018-03-12,BLOCKCHAIN,0%
2018-03-12,BLOCKCHAIN,0%
2018-03-12,BLOCKCHAIN,0%
2018-03-12,BLOCKCHAIN,0%
2018-03-12,BLOCKCHAIN,0%
2018-03-12,BLOCKCHAIN,0%
2018-03-12,BLOCKCHAIN,0%
2018-03-12,BLOCKCHAIN,0%
2018-03-12,BLOCKCHAIN,0%
2018-03-12,BLOCKCHAIN,0%
2018-03-12,BLOCKCHAIN,0%
2018-03-12,BLOCKCHAIN,0%
2018-03-12,BLOCKCHAIN,0%
2018-03-12,BLOCKCHAIN,0%
2018-03-12,BLOCKCHAIN,0%
2018-03-12,BLOCKCHAIN,0%
2018-03-12,BLOCKCHAIN,0%
2018-03-12,BLOCKCHAIN,0%
2018-03-12,BLOCKCHAIN,0%
2018-03-12,BLOCKCHAIN,0%
2018-03-12,BLOCKCHAIN,0%
2018-03-12,BLOCKCHAIN,0%
2018-03-12,BLOCKCHAIN,0%
2018-03-12,BLOCKCHAIN,0%
2018-03-12,BLOCKCHAIN,0%
2018-03-12,BLOCKCHAIN,0%
2018-03-12,BLOCKCHAIN,0%
2018-03-12,BLOCKCHAIN,0%
2018-03-12,BLOCKCHAIN,0%
2018-03-12,BLOCKCHAIN,0%
2018-03-12,BLOCKCHAIN,0%
2018-03-12,BLOCKCHAIN,0%
2018-03-12,BLOCKCHAIN,0%
2018-03-12,BLOCKCHAIN,0%
2018-03-12,BLOCKCHAIN,0%
2018-03-12,BLOCKCHAIN,0%
2018-03-12,BLOCKCHAIN,0%
2018-03-12,CFI,0%
2018-03-12,CFI,0%
2018-03-12,CFI,0%
2018-03-12,CFI,0%
2018-03-12,CFI,0%
2018-03-12,CFI,0%
2018-03-12,CFI,0%
2018-03-12,CFI,0%
2018-03-12,CFI,0%
2018-03-12,CFI,0%
2018-03-12,CFI,0%
2018-03-12,CFI,0%
2018-03-12,CFI,0%
2018-03-12,CFI,0%
2018-03-12,CFI,0%
2018-03-12,CFI,0%
2018-03-12,CFI,0%
2018-03-12,CFI,0%
2018-03-12,CFI,0%
2018-03-12,CFI,0%
2018-03-12,CFI,0%
2018-03-12,CFI,0%
2018-03-12,CFI,0%
2018-03-12,CFI,0%
2018-03-12,CFI,0%
2018-03-12,CFI,0%
2018-03-12,CFI,0%
2018-03-12,CFI,0%
2018-03-12,CFI,0%
2018-03-12,CFI,0%
2018-03-12,CFI,0%
2018-03-12,CFI,0%
2018-03-12,CFI,0%
2018-03-12,CFI,0%
2018-03-12,CFI,0%
2018-03-12,CFI,0%
2018-03-12,CFI,0%
2018-03-12,CFI,0%
2018-03-12,CFI,0%
2018-03-12,CFI,0%
2018-03-12,CFI,0%
2018-03-12,CFI,0%
2018-03-12,CFI,0%
2018-03-12,CFI,0%
2018-03-12,CFI,0%
2018-03-12,CFI,0%
2018-03-12,CFI,0%
2018-03-12,CFI,0%
2018-03-12,CFI,4%
2018-03-12,CFI,0%
2018-03-12,CFI,0%
2018-03-12,CFI,0%
2018-03-12,CFI,0%
2018-03-12,CFI,0%
2018-03-12,CFI,0%
2018-03-12,CFI,0%
2018-03-12,CFI,0%
2018-03-12,CFI,0%
2018-03-12,CFI,0%
2018-03-12,CFI,0%
2018-03-12,CFI,0%
2018-03-12,CFI,0%
2018-03-12,CFI,0%
2018-03-12,CFI,0%
2018-03-12,CFI,0%
2018-03-12,CFI,0%
2018-03-12,CFI,0%
2018-03-12,CFI,0%
2018-03-12,CFI,0%
2018-03-12,CFI,0%
2018-03-12,CFI,0%
2018-03-12,CFI,0%
2018-03-12,CFI,0%
2018-03-12,CFI,0%
2018-03-12,CFI,0%
2018-03-12,CFI,0%
2018-03-12,CFI,0%
2018-03-12,CFI,0%
2018-03-12,CFI,0%
2018-03-12,CFI,0%
2018-03-12,CFI,0%
2018-03-12,CFI,0%
2018-03-12,CFI,0%
2018-03-12,CFI,0%
2018-03-12,CFI,0%
2018-03-12,CFI,0%
2018-03-12,CFI,0%
2018-03-12,CFI,0%
2018-03-12,CFI,0%
2018-03-12,CFI,0%
2018-03-12,CFI,0%
2018-03-12,CFI,0%
2018-03-12,CFI,0%
2018-03-12,CFI,0%
2018-03-12,CFI,0%
2018-03-12,CFI,0%
2018-03-12,CFI,0%
2018-03-12,CFI,0%
2018-03-12,CFI,0%
2018-03-12,CFI,0%
2018-03-12,CFI,0%
2018-03-12,CFI,0%
2018-03-12,CFI,0%
2018-03-12,CFI,0%
2018-03-12,CFI,0%
2018-03-12,CFI,0%
2018-03-12,CFI,0%
2018-03-12,CFI,0%
2018-03-12,CFI,0%
2018-03-12,CFI,0%
2018-03-12,CFI,0%
2018-03-12,CFI,0%
2018-03-12,CFI,0%
2018-03-12,CFI,0%
2018-03-12,CFI,0%
2018-03-12,CFI,0%
2018-03-12,CFI,0%
2018-03-12,CFI,0%
2018-03-12,CFI,0%
2018-03-12,CFI,0%
2018-03-12,CFI,0%
2018-03-12,CFI,0%
2018-03-12,CFI,0%
2018-03-12,CFI,0%
2018-03-12,CFI,0%
2018-03-12,CFI,0%
2018-03-12,CFI,0%
2018-03-12,CFI,0%
2018-03-12,CFI,0%
2018-03-12,CFI,0%
2018-03-12,CFI,0%
2018-03-12,CFI,0%
2018-03-12,CFI,0%
2018-03-12,CFI,0%
2018-03-12,CFI,0%
2018-03-12,CFI,0%
2018-03-12,CFI,0%
2018-03-12,CFI,0%
2018-03-12,CFI,0%
2018-03-12,CFI,0%
2018-03-12,CFI,0%
2018-03-12,CFI,0%
2018-03-12,CFI,0%
2018-03-12,CFI,0%
2018-03-12,CFI,0%
2018-03-12,CFI,0%
2018-03-12,CFI,0%
2018-03-12,CFI,0%
2018-03-12,CFI,0%
2018-03-12,CFI,0%
2018-03-12,CFI,0%
2018-03-12,CFI,0%
2018-03-12,CFI,0%
2018-03-12,CFI,0%
2018-03-12,CFI,0%
2018-03-12,CFI,0%
2018-03-12,CFI,0%
2018-03-12,CFI,0%
2018-03-12,CFI,0%
2018-03-12,CFI,0%
2018-03-12,CFI,0%
2018-03-12,CFI,0%
2018-03-12,CFI,0%
2018-03-12,CFI,0%
2018-03-12,CFI,0%
2018-03-12,CFI,0%
2018-03-12,CFI,0%
2018-03-12,CFI,0%
2018-03-12,CFI,0%
2018-03-12,CFI,0%
2018-03-12,CFI,0%
2018-03-12,CFI,0%
2018-03-12,CFI,1%
2018-03-12,CFI,0%
2018-03-12,CFI,0%
2018-03-12,CFI,0%
2018-03-12,CFI,0%
2018-03-12,CFI,0%
2018-03-12,CFI,0%
2018-03-12,CFI,0%
2018-03-12,CFI,0%
2018-03-12,CFI,0%
2018-03-12,CFI,0%
2018-03-12,CFI,0%
2018-03-12,CFI,0%
2018-03-12,CFI,0%
2018-03-12,CFI,0%
2018-03-12,CFI,0%
2018-03-12,CFI,0%
2018-03-12,CFI,0%
2018-03-12,DESIGN,0%
2018-03-12,DESIGN,0%
2018-03-12,DESIGN,0%
2018-03-12,DESIGN,0%
2018-03-12,DESIGN,0%
2018-03-12,DESIGN,0%
2018-03-12,DESIGN,0%
2018-03-12,DESIGN,0%
2018-03-12,DESIGN,0%
2018-03-12,DESIGN,0%
2018-03-12,DESIGN,0%
2018-03-12,DESIGN,0%
2018-03-12,DESIGN,0%
2018-03-12,DESIGN,0%
2018-03-12,DESIGN,0%
2018-03-12,DESIGN,0%
2018-03-12,DESIGN,0%
2018-03-12,DESIGN,0%
2018-03-12,DESIGN,0%
2018-03-12,DESIGN,0%
2018-03-12,DESIGN,0%
2018-03-12,DESIGN,0%
2018-03-12,DESIGN,0%
2018-03-12,DESIGN,0%
2018-03-12,DESIGN,0%
2018-03-12,DESIGN,0%
2018-03-12,DESIGN,0%
2018-03-12,DESIGN,0%
2018-03-12,DESIGN,0%
2018-03-12,DESIGN,0%
2018-03-12,DESIGN,0%
2018-03-12,DESIGN,0%
2018-03-12,DESIGN,0%
2018-03-12,DESIGN,0%
2018-03-12,DESIGN,0%
2018-03-12,DESIGN,0%
2018-03-12,DESIGN,0%
2018-03-12,DESIGN,0%
2018-03-12,DESIGN,0%
2018-03-12,DESIGN,0%
2018-03-12,DESIGN,0%
2018-03-12,DESIGN,0%
2018-03-12,DESIGN,0%
2018-03-12,DESIGN,0%
2018-03-12,DESIGN,0%
2018-03-12,DESIGN,0%
2018-03-12,DESIGN,0%
2018-03-12,DESIGN,0%
2018-03-12,DESIGN,0%
2018-03-12,DESIGN,0%
2018-03-12,DESIGN,0%
2018-03-12,DESIGN,0%
2018-03-12,DESIGN,0%
2018-03-12,DESIGN,0%
2018-03-12,DESIGN,0%
2018-03-12,DESIGN,0%
2018-03-12,DESIGN,0%
2018-03-12,DESIGN,0%
2018-03-12,DESIGN,0%
2018-03-12,DESIGN,0%
2018-03-12,DESIGN,0%
2018-03-12,DESIGN,0%
2018-03-12,DESIGN,0%
2018-03-12,DESIGN,0%
2018-03-12,DESIGN,0%
2018-03-12,DESIGN,0%
2018-03-12,DESIGN,0%
2018-03-12,DESIGN,0%
2018-03-12,DESIGN,0%
2018-03-12,DESIGN,0%
2018-03-12,DESIGN,0%
2018-03-12,DESIGN,0%
2018-03-12,DESIGN,0%
2018-03-12,DESIGN,0%
2018-03-12,DESIGN,0%
2018-03-12,DESIGN,0%
2018-03-12,DESIGN,0%
2018-03-12,DESIGN,0%
2018-03-12,DESIGN,0%
2018-03-12,DESIGN,0%
2018-03-12,DESIGN,0%
2018-03-12,DESIGN,0%
2018-03-12,DESIGN,0%
2018-03-12,DESIGN,0%
2018-03-12,DESIGN,0%
2018-03-12,DESIGN,0%
2018-03-12,DESIGN,0%
2018-03-12,DESIGN,0%
2018-03-12,DESIGN,0%
2018-03-12,DESIGN,0%
2018-03-12,DESIGN,0%
2018-03-12,DESIGN,0%
2018-03-12,DESIGN,0%
2018-03-12,DESIGN,0%
2018-03-12,DESIGN,0%
2018-03-12,DESIGN,0%
2018-03-12,DESIGN,0%
2018-03-12,DESIGN,0%
2018-03-12,DESIGN,0%
2018-03-12,DESIGN,0%
2018-03-12,DESIGN,0%
2018-03-12,DESIGN,0%
2018-03-12,DESIGN,0%
2018-03-12,DESIGN,0%
2018-03-12,DESIGN,0%
2018-03-12,DESIGN,0%
2018-03-12,DESIGN,0%
2018-03-12,DESIGN,0%
2018-03-12,DESIGN,0%
2018-03-12,DESIGN,0%
2018-03-12,DESIGN,0%
2018-03-12,DESIGN,0%
2018-03-12,DESIGN,0%
2018-03-12,DESIGN,0%
2018-03-12,DESIGN,0%
2018-03-12,DESIGN,0%
2018-03-12,DESIGN,0%
2018-03-12,DESIGN,0%
2018-03-12,DESIGN,0%
2018-03-12,DESIGN,0%
2018-03-12,DESIGN,0%
2018-03-12,DESIGN,0%
2018-03-12,DESIGN,0%
2018-03-12,DESIGN,0%
2018-03-12,DESIGN,0%
2018-03-12,DESIGN,0%
2018-03-12,DESIGN,0%
2018-03-12,DESIGN,0%
2018-03-12,DESIGN,0%
2018-03-12,DESIGN,0%
2018-03-12,DESIGN,0%
2018-03-12,DESIGN,0%
2018-03-12,DESIGN,0%
2018-03-12,DESIGN,0%
2018-03-12,DESIGN,0%
2018-03-12,DESIGN,0%
2018-03-12,DESIGN,0%
2018-03-12,DESIGN,0%
2018-03-12,DESIGN,0%
2018-03-12,DESIGN,0%
2018-03-12,DESIGN,0%
2018-03-12,DESIGN,0%
2018-03-12,DESIGN,0%
2018-03-12,DESIGN,0%
2018-03-12,DESIGN,0%
2018-03-12,DESIGN,0%
2018-03-12,DESIGN,0%
2018-03-12,DESIGN,0%
2018-03-12,DESIGN,0%
2018-03-12,DESIGN,0%
2018-03-12,DESIGN,0%
2018-03-12,DESIGN,0%
2018-03-12,DESIGN,0%
2018-03-12,DESIGN,0%
2018-03-12,DESIGN,0%
2018-03-12,DESIGN,0%
2018-03-12,DESIGN,0%
2018-03-12,DESIGN,0%
2018-03-12,DESIGN,0%
2018-03-12,DESIGN,0%
2018-03-12,DESIGN,0%
2018-03-12,DESIGN,0%
2018-03-12,DESIGN,0%
2018-03-12,DESIGN,0%
2018-03-12,DESIGN,0%
2018-03-12,DESIGN,0%
2018-03-12,DESIGN,0%
2018-03-12,DESIGN,0%
2018-03-12,DESIGN,0%
2018-03-12,DESIGN,0%
2018-03-12,DESIGN,0%
2018-03-12,DESIGN,0%
2018-03-12,DESIGN,0%
2018-03-12,DESIGN,0%
2018-03-12,DESIGN,0%
2018-03-12,DESIGN,0%
2018-03-12,DESIGN,0%
2018-03-12,DESIGN,0%
2018-03-12,DESIGN,0%
2018-03-12,DESIGN,0%
2018-03-12,DESIGN,0%
2018-03-12,DESIGN,0%
2018-03-12,DESIGN,0%
2018-03-12,DESIGN,0%
2018-03-12,DESIGN,0%
2018-03-12,DESIGN,0%
2018-03-12,DESIGN,0%
2018-03-12,DESIGN,0%
2018-03-12,DESIGN,0%
2018-03-12,DESIGN,0%
2018-03-12,MVP,0%
2018-03-12,MVP,0%
2018-03-12,MVP,0%
2018-03-12,MVP,0%
2018-03-12,MVP,0%
2018-03-12,MVP,0%
2018-03-12,MVP,0%
2018-03-12,MVP,0%
2018-03-12,MVP,0%
2018-03-12,MVP,0%
2018-03-12,MVP,0%
2018-03-12,MVP,0%
2018-03-12,MVP,0%
2018-03-12,MVP,0%
2018-03-12,MVP,0%
2018-03-12,MVP,0%
2018-03-12,MVP,0%
2018-03-12,MVP,0%
2018-03-12,MVP,0%
2018-03-12,MVP,0%
2018-03-12,MVP,0%
2018-03-12,MVP,0%
2018-03-12,MVP,0%
2018-03-12,MVP,0%
2018-03-12,MVP,0%
2018-03-12,MVP,0%
2018-03-12,MVP,0%
2018-03-12,MVP,0%
2018-03-12,MVP,0%
2018-03-12,MVP,0%
2018-03-12,MVP,0%
2018-03-12,MVP,0%
2018-03-12,MVP,0%
2018-03-12,MVP,0%
2018-03-12,MVP,0%
2018-03-12,MVP,0%
2018-03-12,MVP,0%
2018-03-12,MVP,0%
2018-03-12,MVP,0%
2018-03-12,MVP,0%
2018-03-12,MVP,0%
2018-03-12,MVP,0%
2018-03-12,MVP,0%
2018-03-12,MVP,0%
2018-03-12,MVP,0%
2018-03-12,MVP,0%
2018-03-12,MVP,0%
2018-03-12,MVP,0%
2018-03-12,MVP,0%
2018-03-12,MVP,0%
2018-03-12,MVP,0%
2018-03-12,MVP,0%
2018-03-12,MVP,0%
2018-03-12,MVP,0%
2018-03-12,MVP,0%
2018-03-12,MVP,0%
2018-03-12,MVP,0%
2018-03-12,MVP,0%
2018-03-12,MVP,0%
2018-03-12,MVP,0%
2018-03-12,MVP,0%
2018-03-12,MVP,0%
2018-03-12,MVP,0%
2018-03-12,MVP,0%
2018-03-12,MVP,0%
2018-03-12,MVP,0%
2018-03-12,MVP,0%
2018-03-12,MVP,0%
2018-03-12,MVP,0%
2018-03-12,MVP,0%
2018-03-12,MVP,0%
2018-03-12,MVP,0%
2018-03-12,MVP,0%
2018-03-12,MVP,0%
2018-03-12,MVP,0%
2018-03-12,MVP,0%
2018-03-12,MVP,0%
2018-03-12,MVP,0%
2018-03-12,MVP,0%
2018-03-12,MVP,0%
2018-03-12,MVP,0%
2018-03-12,MVP,0%
2018-03-12,MVP,0%
2018-03-12,MVP,0%
2018-03-12,MVP,0%
2018-03-12,MVP,0%
2018-03-12,MVP,0%
2018-03-12,MVP,0%
2018-03-12,MVP,0%
2018-03-12,MVP,0%
2018-03-12,MVP,0%
2018-03-12,MVP,0%
2018-03-12,MVP,0%
2018-03-12,MVP,0%
2018-03-12,MVP,0%
2018-03-12,MVP,0%
2018-03-12,MVP,0%
2018-03-12,MVP,0%
2018-03-12,MVP,0%
2018-03-12,MVP,0%
2018-03-12,MVP,0%
2018-03-12,MVP,0%
2018-03-12,MVP,0%
2018-03-12,MVP,0%
2018-03-12,MVP,0%
2018-03-12,MVP,0%
2018-03-12,MVP,0%
2018-03-12,MVP,0%
2018-03-12,MVP,0%
2018-03-12,MVP,0%
2018-03-12,MVP,0%
2018-03-12,MVP,0%
2018-03-12,MVP,0%
2018-03-12,MVP,0%
2018-03-12,MVP,0%
2018-03-12,MVP,0%
2018-03-12,MVP,0%
2018-03-12,MVP,0%
2018-03-12,MVP,0%
2018-03-12,MVP,0%
2018-03-12,MVP,0%
2018-03-12,MVP,0%
2018-03-12,MVP,0%
2018-03-12,MVP,0%
2018-03-12,MVP,0%
2018-03-12,MVP,0%
2018-03-12,MVP,0%
2018-03-12,MVP,0%
2018-03-12,MVP,0%
2018-03-12,MVP,0%
2018-03-12,MVP,0%
2018-03-12,MVP,0%
2018-03-12,MVP,0%
2018-03-12,MVP,0%
2018-03-12,MVP,0%
2018-03-12,MVP,0%
2018-03-12,MVP,0%
2018-03-12,MVP,0%
2018-03-12,MVP,0%
2018-03-12,MVP,0%
2018-03-12,MVP,0%
2018-03-12,MVP,0%
2018-03-12,MVP,0%
2018-03-12,MVP,0%
2018-03-12,MVP,0%
2018-03-12,MVP,0%
2018-03-12,MVP,0%
2018-03-12,MVP,0%
2018-03-12,MVP,0%
2018-03-12,MVP,0%
2018-03-12,MVP,0%
2018-03-12,MVP,0%
2018-03-12,MVP,0%
2018-03-12,MVP,0%
2018-03-12,MVP,0%
2018-03-12,MVP,0%
2018-03-12,MVP,0%
2018-03-12,MVP,0%
2018-03-12,MVP,0%
2018-03-12,MVP,0%
2018-03-12,MVP,0%
2018-03-12,MVP,0%
2018-03-12,MVP,0%
2018-03-12,MVP,0%
2018-03-12,MVP,0%
2018-03-12,MVP,0%
2018-03-12,MVP,0%
2018-03-12,MVP,0%
2018-03-12,MVP,0%
2018-03-12,MVP,0%
2018-03-12,MVP,0%
2018-03-12,MVP,0%
2018-03-12,MVP,0%
2018-03-12,MVP,0%
2018-03-12,MVP,0%
2018-03-12,MVP,0%
2018-03-12,MVP,0%
2018-03-12,MVP,0%
2018-03-12,MVP,0%
2018-03-12,MVP,0%
2018-03-12,MVP,0%
2018-03-12,MVP,0%
2018-03-12,MVP,0%
2018-03-12,MVP,0%
2018-03-12,MVP,0%
2018-03-12,MVP,0%
2018-03-12,MVP,0%
2018-03-12,MVP,0%
2018-03-12,MVP,0%
2018-03-12,MVP,0%
2018-03-12,SCP,0%
2018-03-12,SCP,0%
2018-03-12,SCP,12%
2018-03-12,SCP,0%
2018-03-12,SCP,0%
2018-03-12,SCP,0%
2018-03-12,SCP,0%
2018-03-12,SCP,0%
2018-03-12,SCP,0%
2018-03-12,SCP,0%
2018-03-12,SCP,15%
2018-03-12,SCP,0%
2018-03-12,SCP,0%
2018-03-12,SCP,76%
2018-03-12,SCP,0%
2018-03-12,SCP,0%
2018-03-12,SCP,0%
2018-03-12,SCP,0%
2018-03-12,SCP,0%
2018-03-12,SCP,16%
2018-03-12,SCP,0%
2018-03-12,SCP,0%
2018-03-12,SCP,0%
2018-03-12,SCP,0%
2018-03-12,SCP,0%
2018-03-12,SCP,0%
2018-03-12,SCP,0%
2018-03-12,SCP,74%
2018-03-12,SCP,6%
2018-03-12,SCP,0%
2018-03-12,SCP,95%
2018-03-12,SCP,0%
2018-03-12,SCP,8%
2018-03-12,SCP,8%
2018-03-12,SCP,6%
2018-03-12,SCP,0%
2018-03-12,SCP,0%
2018-03-12,SCP,0%
2018-03-12,SCP,0%
2018-03-12,SCP,0%
2018-03-12,SCP,0%
2018-03-12,SCP,0%
2018-03-12,SCP,32%
2018-03-12,SCP,0%
2018-03-12,SCP,0%
2018-03-12,SCP,45%
2018-03-12,SCP,0%
2018-03-12,SCP,0%
2018-03-12,SCP,0%
2018-03-12,SCP,0%
2018-03-12,SCP,0%
2018-03-12,SCP,0%
2018-03-12,SCP,0%
2018-03-12,SCP,0%
2018-03-12,SCP,0%
2018-03-12,SCP,0%
2018-03-12,SCP,0%
2018-03-12,SCP,0%
2018-03-12,SCP,0%
2018-03-12,SCP,0%
2018-03-12,SCP,0%
2018-03-12,SCP,93%
2018-03-12,SCP,0%
2018-03-12,SCP,0%
2018-03-12,SCP,0%
2018-03-12,SCP,0%
2018-03-12,SCP,0%
2018-03-12,SCP,0%
2018-03-12,SCP,0%
2018-03-12,SCP,0%
2018-03-12,SCP,0%
2018-03-12,SCP,0%
2018-03-12,SCP,0%
2018-03-12,SCP,0%
2018-03-12,SCP,0%
2018-03-12,SCP,0%
2018-03-12,SCP,4%
2018-03-12,SCP,0%
2018-03-12,SCP,0%
2018-03-12,SCP,0%
2018-03-12,SCP,0%
2018-03-12,SCP,0%
2018-03-12,SCP,0%
2018-03-12,SCP,0%
2018-03-12,SCP,0%
2018-03-12,SCP,0%
2018-03-12,SCP,60%
2018-03-12,SCP,0%
2018-03-12,SCP,0%
2018-03-12,SCP,0%
2018-03-12,SCP,0%
2018-03-12,SCP,0%
2018-03-12,SCP,0%
2018-03-12,SCP,35%
2018-03-12,SCP,0%
2018-03-12,SCP,0%
2018-03-12,SCP,0%
2018-03-12,SCP,88%
2018-03-12,SCP,100%
2018-03-12,SCP,0%
2018-03-12,SCP,0%
2018-03-12,SCP,0%
2018-03-12,SCP,0%
2018-03-12,SCP,0%
2018-03-12,SCP,1%
2018-03-12,SCP,0%
2018-03-12,SCP,0%
2018-03-12,SCP,0%
2018-03-12,SCP,0%
2018-03-12,SCP,0%
2018-03-12,SCP,0%
2018-03-12,SCP,0%
2018-03-12,SCP,52%
2018-03-12,SCP,0%
2018-03-12,SCP,0%
2018-03-12,SCP,0%
2018-03-12,SCP,6%
2018-03-12,SCP,0%
2018-03-12,SCP,0%
2018-03-12,SCP,0%
2018-03-12,SCP,0%
2018-03-12,SCP,0%
2018-03-12,SCP,0%
2018-03-12,SCP,95%
2018-03-12,SCP,0%
2018-03-12,SCP,3%
2018-03-12,SCP,0%
2018-03-12,SCP,52%
2018-03-12,SCP,8%
2018-03-12,SCP,26%
2018-03-12,SCP,0%
2018-03-12,SCP,0%
2018-03-12,SCP,0%
2018-03-12,SCP,0%
2018-03-12,SCP,0%
2018-03-12,SCP,96%
2018-03-12,SCP,0%
2018-03-12,SCP,0%
2018-03-12,SCP,0%
2018-03-12,SCP,8%
2018-03-12,SCP,0%
2018-03-12,SCP,0%
2018-03-12,SCP,0%
2018-03-12,SCP,0%
2018-03-12,SCP,0%
2018-03-12,SCP,0%
2018-03-12,SCP,0%
2018-03-12,SCP,0%
2018-03-12,SCP,0%
2018-03-12,SCP,0%
2018-03-12,SCP,9%
2018-03-12,SCP,0%
2018-03-12,SCP,0%
2018-03-12,SCP,0%
2018-03-12,SCP,3%
2018-03-12,SCP,17%
2018-03-12,SCP,0%
2018-03-12,SCP,61%
2018-03-12,SCP,0%
2018-03-12,SCP,0%
2018-03-12,SCP,0%
2018-03-12,SCP,0%
2018-03-12,SCP,0%
2018-03-12,SCP,0%
2018-03-12,SCP,0%
2018-03-12,SCP,0%
2018-03-12,SCP,0%
2018-03-12,SCP,0%
2018-03-12,SCP,0%
2018-03-12,SCP,0%
2018-03-12,SCP,0%
2018-03-12,SCP,59%
2018-03-12,SCP,4%
2018-03-12,SCP,0%
2018-03-12,SCP,14%
2018-03-12,SCP,0%
2018-03-12,SCP,0%
2018-03-12,SCP,0%
2018-03-12,SCP,0%
2018-03-12,SCP,0%
2018-03-12,SCP,0%
2018-03-12,SCP,0%
2018-03-12,SCP,0%
2018-03-12,SCP,0%
2018-03-12,SCP,34%
2018-03-12,SCP,0%
2018-03-12,SCP,1%
2018-03-12,SCP,0%
2018-03-12,SCP,0%
2018-03-12,SCP,6%
2018-03-12,ROBO,0%
2018-03-12,ROBO,0%
2018-03-12,ROBO,0%
2018-03-12,ROBO,0%
2018-03-12,ROBO,0%
2018-03-12,ROBO,0%
2018-03-12,ROBO,0%
2018-03-12,ROBO,0%
2018-03-12,ROBO,0%
2018-03-12,ROBO,0%
2018-03-12,ROBO,0%
2018-03-12,ROBO,0%
2018-03-12,ROBO,0%
2018-03-12,ROBO,0%
2018-03-12,ROBO,0%
2018-03-12,ROBO,0%
2018-03-12,ROBO,0%
2018-03-12,ROBO,0%
2018-03-12,ROBO,0%
2018-03-12,ROBO,0%
2018-03-12,ROBO,0%
2018-03-12,ROBO,0%
2018-03-12,ROBO,0%
2018-03-12,ROBO,0%
2018-03-12,ROBO,0%
2018-03-12,ROBO,0%
2018-03-12,ROBO,0%
2018-03-12,ROBO,0%
2018-03-12,ROBO,0%
2018-03-12,ROBO,0%
2018-03-12,ROBO,0%
2018-03-12,ROBO,0%
2018-03-12,ROBO,0%
2018-03-12,ROBO,0%
2018-03-12,ROBO,0%
2018-03-12,ROBO,0%
2018-03-12,ROBO,0%
2018-03-12,ROBO,0%
2018-03-12,ROBO,0%
2018-03-12,ROBO,0%
2018-03-12,ROBO,0%
2018-03-12,ROBO,0%
2018-03-12,ROBO,0%
2018-03-12,ROBO,0%
2018-03-12,ROBO,0%
2018-03-12,ROBO,97%
2018-03-12,ROBO,0%
2018-03-12,ROBO,0%
2018-03-12,ROBO,0%
2018-03-12,ROBO,0%
2018-03-12,ROBO,0%
2018-03-12,ROBO,0%
2018-03-12,ROBO,0%
2018-03-12,ROBO,0%
2018-03-12,ROBO,0%
2018-03-12,ROBO,0%
2018-03-12,ROBO,0%
2018-03-12,ROBO,0%
2018-03-12,ROBO,0%
2018-03-12,ROBO,0%
2018-03-12,ROBO,0%
2018-03-12,ROBO,0%
2018-03-12,ROBO,0%
2018-03-12,ROBO,0%
2018-03-12,ROBO,0%
2018-03-12,ROBO,0%
2018-03-12,ROBO,0%
2018-03-12,ROBO,0%
2018-03-12,ROBO,0%
2018-03-12,ROBO,0%
2018-03-12,ROBO,0%
2018-03-12,ROBO,0%
2018-03-12,ROBO,0%
2018-03-12,ROBO,0%
2018-03-12,ROBO,0%
2018-03-12,ROBO,0%
2018-03-12,ROBO,0%
2018-03-12,ROBO,0%
2018-03-12,ROBO,0%
2018-03-12,ROBO,0%
2018-03-12,ROBO,0%
2018-03-12,ROBO,0%
2018-03-12,ROBO,0%
2018-03-12,ROBO,0%
2018-03-12,ROBO,0%
2018-03-12,ROBO,0%
2018-03-12,ROBO,0%
2018-03-12,ROBO,0%
2018-03-12,ROBO,0%
2018-03-12,ROBO,0%
2018-03-12,ROBO,0%
2018-03-12,ROBO,0%
2018-03-12,ROBO,0%
2018-03-12,ROBO,0%
2018-03-12,ROBO,0%
2018-03-12,ROBO,0%
2018-03-12,ROBO,0%
2018-03-12,ROBO,0%
2018-03-12,ROBO,0%
2018-03-12,ROBO,0%
2018-03-12,ROBO,0%
2018-03-12,ROBO,0%
2018-03-12,ROBO,0%
2018-03-12,ROBO,0%
2018-03-12,ROBO,0%
2018-03-12,ROBO,0%
2018-03-12,ROBO,0%
2018-03-12,ROBO,0%
2018-03-12,ROBO,0%
2018-03-12,ROBO,0%
2018-03-12,ROBO,94%
2018-03-12,ROBO,0%
2018-03-12,ROBO,0%
2018-03-12,ROBO,0%
2018-03-12,ROBO,0%
2018-03-12,ROBO,0%
2018-03-12,ROBO,0%
2018-03-12,ROBO,0%
2018-03-12,ROBO,0%
2018-03-12,ROBO,0%
2018-03-12,ROBO,0%
2018-03-12,ROBO,0%
2018-03-12,ROBO,0%
2018-03-12,ROBO,0%
2018-03-12,ROBO,0%
2018-03-12,ROBO,0%
2018-03-12,ROBO,0%
2018-03-12,ROBO,0%
2018-03-12,ROBO,0%
2018-03-12,ROBO,0%
2018-03-12,ROBO,0%
2018-03-12,ROBO,0%
2018-03-12,ROBO,0%
2018-03-12,ROBO,0%
2018-03-12,ROBO,0%
2018-03-12,ROBO,0%
2018-03-12,ROBO,0%
2018-03-12,ROBO,0%
2018-03-12,ROBO,0%
2018-03-12,ROBO,0%
2018-03-12,ROBO,0%
2018-03-12,ROBO,0%
2018-03-12,ROBO,0%
2018-03-12,ROBO,0%
2018-03-12,ROBO,0%
2018-03-12,ROBO,0%
2018-03-12,ROBO,0%
2018-03-12,ROBO,0%
2018-03-12,ROBO,0%
2018-03-12,ROBO,0%
2018-03-12,ROBO,0%
2018-03-12,ROBO,0%
2018-03-12,ROBO,0%
2018-03-12,ROBO,0%
2018-03-12,ROBO,0%
2018-03-12,ROBO,0%
2018-03-12,ROBO,0%
2018-03-12,ROBO,0%
2018-03-12,ROBO,0%
2018-03-12,ROBO,0%
2018-03-12,ROBO,0%
2018-03-12,ROBO,0%
2018-03-12,ROBO,0%
2018-03-12,ROBO,0%
2018-03-12,ROBO,0%
2018-03-12,ROBO,0%
2018-03-12,ROBO,0%
2018-03-12,ROBO,0%
2018-03-12,ROBO,0%
2018-03-12,ROBO,0%
2018-03-12,ROBO,0%
2018-03-12,ROBO,0%
2018-03-12,ROBO,0%
2018-03-12,ROBO,0%
2018-03-12,ROBO,0%
2018-03-12,ROBO,0%
2018-03-12,ROBO,0%
2018-03-12,ROBO,0%
2018-03-12,ROBO,0%
2018-03-12,ROBO,0%
2018-03-12,ROBO,0%
2018-03-12,ROBO,0%
2018-03-12,ROBO,0%
2018-03-12,ROBO,0%
2018-03-12,ROBO,0%
2018-03-12,ROBO,0%
2018-03-12,ROBO,0%
2018-03-12,ROBO,0%
2018-03-12,ROBO,0%
2018-03-12,ROBO,0%
2018-03-19,AGILITY,0%
2018-03-19,AGILITY,100%
2018-03-19,AGILITY,0%
2018-03-19,AGILITY,22%
2018-03-19,AGILITY,20%
2018-03-19,AGILITY,0%
2018-03-19,AGILITY,80%
2018-03-19,AGILITY,0%
2018-03-19,AGILITY,0%
2018-03-19,AGILITY,0%
2018-03-19,AGILITY,94%
2018-03-19,AGILITY,20%
2018-03-19,AGILITY,0%
2018-03-19,AGILITY,0%
2018-03-19,AGILITY,96%
2018-03-19,AGILITY,100%
2018-03-19,AGILITY,0%
2018-03-19,AGILITY,0%
2018-03-19,AGILITY,0%
2018-03-19,AGILITY,10%
2018-03-19,AGILITY,0%
2018-03-19,AGILITY,0%
2018-03-19,AGILITY,0%
2018-03-19,AGILITY,0%
2018-03-19,AGILITY,0%
2018-03-19,AGILITY,100%
2018-03-19,AGILITY,0%
2018-03-19,AGILITY,0%
2018-03-19,AGILITY,22%
2018-03-19,AGILITY,0%
2018-03-19,AGILITY,0%
2018-03-19,AGILITY,0%
2018-03-19,AGILITY,14%
2018-03-19,AGILITY,0%
2018-03-19,AGILITY,22%
2018-03-19,AGILITY,0%
2018-03-19,AGILITY,63%
2018-03-19,AGILITY,0%
2018-03-19,AGILITY,0%
2018-03-19,AGILITY,0%
2018-03-19,AGILITY,0%
2018-03-19,AGILITY,18%
2018-03-19,AGILITY,0%
2018-03-19,AGILITY,0%
2018-03-19,AGILITY,0%
2018-03-19,AGILITY,0%
2018-03-19,AGILITY,0%
2018-03-19,AGILITY,0%
2018-03-19,AGILITY,100%
2018-03-19,AGILITY,0%
2018-03-19,AGILITY,0%
2018-03-19,AGILITY,0%
2018-03-19,AGILITY,0%
2018-03-19,AGILITY,0%
2018-03-19,AGILITY,0%
2018-03-19,AGILITY,0%
2018-03-19,AGILITY,92%
2018-03-19,AGILITY,20%
2018-03-19,AGILITY,2%
2018-03-19,AGILITY,0%
2018-03-19,AGILITY,0%
2018-03-19,AGILITY,96%
2018-03-19,AGILITY,0%
2018-03-19,AGILITY,0%
2018-03-19,AGILITY,0%
2018-03-19,AGILITY,0%
2018-03-19,AGILITY,6%
2018-03-19,AGILITY,0%
2018-03-19,AGILITY,0%
2018-03-19,AGILITY,0%
2018-03-19,AGILITY,0%
2018-03-19,AGILITY,100%
2018-03-19,AGILITY,4%
2018-03-19,AGILITY,0%
2018-03-19,AGILITY,0%
2018-03-19,AGILITY,0%
2018-03-19,AGILITY,0%
2018-03-19,AGILITY,22%
2018-03-19,AGILITY,0%
2018-03-19,AGILITY,0%
2018-03-19,AGILITY,0%
2018-03-19,AGILITY,0%
2018-03-19,AGILITY,80%
2018-03-19,AGILITY,0%
2018-03-19,AGILITY,86%
2018-03-19,AGILITY,0%
2018-03-19,AGILITY,100%
2018-03-19,AGILITY,0%
2018-03-19,AGILITY,0%
2018-03-19,AGILITY,20%
2018-03-19,AGILITY,0%
2018-03-19,AGILITY,39%
2018-03-19,AGILITY,0%
2018-03-19,AGILITY,0%
2018-03-19,AGILITY,0%
2018-03-19,AGILITY,0%
2018-03-19,AGILITY,0%
2018-03-19,AGILITY,0%
2018-03-19,AGILITY,0%
2018-03-19,AGILITY,14%
2018-03-19,AGILITY,0%
2018-03-19,AGILITY,0%
2018-03-19,AGILITY,100%
2018-03-19,AGILITY,0%
2018-03-19,AGILITY,100%
2018-03-19,AGILITY,0%
2018-03-19,AGILITY,0%
2018-03-19,AGILITY,47%
2018-03-19,AGILITY,0%
2018-03-19,AGILITY,0%
2018-03-19,AGILITY,0%
2018-03-19,AGILITY,100%
2018-03-19,AGILITY,0%
2018-03-19,AGILITY,0%
2018-03-19,AGILITY,100%
2018-03-19,AGILITY,18%
2018-03-19,AGILITY,0%
2018-03-19,AGILITY,0%
2018-03-19,AGILITY,0%
2018-03-19,AGILITY,0%
2018-03-19,AGILITY,0%
2018-03-19,AGILITY,0%
2018-03-19,AGILITY,10%
2018-03-19,AGILITY,100%
2018-03-19,AGILITY,20%
2018-03-19,AGILITY,6%
2018-03-19,AGILITY,0%
2018-03-19,AGILITY,0%
2018-03-19,AGILITY,45%
2018-03-19,AGILITY,100%
2018-03-19,AGILITY,0%
2018-03-19,AGILITY,0%
2018-03-19,AGILITY,0%
2018-03-19,AGILITY,0%
2018-03-19,AGILITY,0%
2018-03-19,AGILITY,0%
2018-03-19,AGILITY,0%
2018-03-19,AGILITY,0%
2018-03-19,AGILITY,0%
2018-03-19,AGILITY,98%
2018-03-19,AGILITY,0%
2018-03-19,AGILITY,0%
2018-03-19,AGILITY,0%
2018-03-19,AGILITY,0%
2018-03-19,AGILITY,0%
2018-03-19,AGILITY,0%
2018-03-19,AGILITY,0%
2018-03-19,AGILITY,0%
2018-03-19,AGILITY,0%
2018-03-19,AGILITY,0%
2018-03-19,AGILITY,98%
2018-03-19,AGILITY,73%
2018-03-19,AGILITY,0%
2018-03-19,AGILITY,45%
2018-03-19,AGILITY,0%
2018-03-19,AGILITY,0%
2018-03-19,AGILITY,20%
2018-03-19,AGILITY,94%
2018-03-19,AGILITY,0%
2018-03-19,AGILITY,0%
2018-03-19,AGILITY,98%
2018-03-19,AGILITY,41%
2018-03-19,AGILITY,0%
2018-03-19,AGILITY,22%
2018-03-19,AGILITY,0%
2018-03-19,AGILITY,65%
2018-03-19,AGILITY,0%
2018-03-19,AGILITY,0%
2018-03-19,AGILITY,0%
2018-03-19,AGILITY,0%
2018-03-19,AGILITY,0%
2018-03-19,AGILITY,4%
2018-03-19,AGILITY,43%
2018-03-19,AGILITY,0%
2018-03-19,AGILITY,100%
2018-03-19,AGILITY,0%
2018-03-19,AGILITY,2%
2018-03-19,AGILITY,2%
2018-03-19,AGILITY,0%
2018-03-19,AGILITY,0%
2018-03-19,AGILITY,0%
2018-03-19,AGILITY,0%
2018-03-19,AGILITY,0%
2018-03-19,AGILITY,0%
2018-03-19,AGILITY,0%
2018-03-19,AGILITY,0%
2018-03-19,AGILITY,96%
2018-03-19,AGILITY,0%
2018-03-19,AGILITY,0%
2018-03-19,AGILITY,92%
2018-03-19,BLOCKCHAIN,0%
2018-03-19,BLOCKCHAIN,0%
2018-03-19,BLOCKCHAIN,0%
2018-03-19,BLOCKCHAIN,0%
2018-03-19,BLOCKCHAIN,0%
2018-03-19,BLOCKCHAIN,0%
2018-03-19,BLOCKCHAIN,0%
2018-03-19,BLOCKCHAIN,0%
2018-03-19,BLOCKCHAIN,0%
2018-03-19,BLOCKCHAIN,0%
2018-03-19,BLOCKCHAIN,0%
2018-03-19,BLOCKCHAIN,0%
2018-03-19,BLOCKCHAIN,0%
2018-03-19,BLOCKCHAIN,0%
2018-03-19,BLOCKCHAIN,0%
2018-03-19,BLOCKCHAIN,0%
2018-03-19,BLOCKCHAIN,0%
2018-03-19,BLOCKCHAIN,0%
2018-03-19,BLOCKCHAIN,0%
2018-03-19,BLOCKCHAIN,0%
2018-03-19,BLOCKCHAIN,0%
2018-03-19,BLOCKCHAIN,0%
2018-03-19,BLOCKCHAIN,0%
2018-03-19,BLOCKCHAIN,0%
2018-03-19,BLOCKCHAIN,44%
2018-03-19,BLOCKCHAIN,0%
2018-03-19,BLOCKCHAIN,0%
2018-03-19,BLOCKCHAIN,0%
2018-03-19,BLOCKCHAIN,0%
2018-03-19,BLOCKCHAIN,0%
2018-03-19,BLOCKCHAIN,0%
2018-03-19,BLOCKCHAIN,0%
2018-03-19,BLOCKCHAIN,0%
2018-03-19,BLOCKCHAIN,0%
2018-03-19,BLOCKCHAIN,0%
2018-03-19,BLOCKCHAIN,0%
2018-03-19,BLOCKCHAIN,0%
2018-03-19,BLOCKCHAIN,0%
2018-03-19,BLOCKCHAIN,0%
2018-03-19,BLOCKCHAIN,0%
2018-03-19,BLOCKCHAIN,0%
2018-03-19,BLOCKCHAIN,0%
2018-03-19,BLOCKCHAIN,0%
2018-03-19,BLOCKCHAIN,0%
2018-03-19,BLOCKCHAIN,0%
2018-03-19,BLOCKCHAIN,0%
2018-03-19,BLOCKCHAIN,0%
2018-03-19,BLOCKCHAIN,0%
2018-03-19,BLOCKCHAIN,0%
2018-03-19,BLOCKCHAIN,0%
2018-03-19,BLOCKCHAIN,0%
2018-03-19,BLOCKCHAIN,0%
2018-03-19,BLOCKCHAIN,0%
2018-03-19,BLOCKCHAIN,0%
2018-03-19,BLOCKCHAIN,0%
2018-03-19,BLOCKCHAIN,0%
2018-03-19,BLOCKCHAIN,0%
2018-03-19,BLOCKCHAIN,0%
2018-03-19,BLOCKCHAIN,0%
2018-03-19,BLOCKCHAIN,0%
2018-03-19,BLOCKCHAIN,0%
2018-03-19,BLOCKCHAIN,0%
2018-03-19,BLOCKCHAIN,0%
2018-03-19,BLOCKCHAIN,0%
2018-03-19,BLOCKCHAIN,0%
2018-03-19,BLOCKCHAIN,0%
2018-03-19,BLOCKCHAIN,0%
2018-03-19,BLOCKCHAIN,0%
2018-03-19,BLOCKCHAIN,0%
2018-03-19,BLOCKCHAIN,0%
2018-03-19,BLOCKCHAIN,0%
2018-03-19,BLOCKCHAIN,0%
2018-03-19,BLOCKCHAIN,0%
2018-03-19,BLOCKCHAIN,0%
2018-03-19,BLOCKCHAIN,0%
2018-03-19,BLOCKCHAIN,0%
2018-03-19,BLOCKCHAIN,0%
2018-03-19,BLOCKCHAIN,0%
2018-03-19,BLOCKCHAIN,0%
2018-03-19,BLOCKCHAIN,0%
2018-03-19,BLOCKCHAIN,0%
2018-03-19,BLOCKCHAIN,0%
2018-03-19,BLOCKCHAIN,0%
2018-03-19,BLOCKCHAIN,0%
2018-03-19,BLOCKCHAIN,0%
2018-03-19,BLOCKCHAIN,0%
2018-03-19,BLOCKCHAIN,0%
2018-03-19,BLOCKCHAIN,0%
2018-03-19,BLOCKCHAIN,0%
2018-03-19,BLOCKCHAIN,0%
2018-03-19,BLOCKCHAIN,0%
2018-03-19,BLOCKCHAIN,0%
2018-03-19,BLOCKCHAIN,0%
2018-03-19,BLOCKCHAIN,0%
2018-03-19,BLOCKCHAIN,0%
2018-03-19,BLOCKCHAIN,0%
2018-03-19,BLOCKCHAIN,0%
2018-03-19,BLOCKCHAIN,0%
2018-03-19,BLOCKCHAIN,0%
2018-03-19,BLOCKCHAIN,0%
2018-03-19,BLOCKCHAIN,0%
2018-03-19,BLOCKCHAIN,0%
2018-03-19,BLOCKCHAIN,0%
2018-03-19,BLOCKCHAIN,0%
2018-03-19,BLOCKCHAIN,0%
2018-03-19,BLOCKCHAIN,0%
2018-03-19,BLOCKCHAIN,0%
2018-03-19,BLOCKCHAIN,0%
2018-03-19,BLOCKCHAIN,0%
2018-03-19,BLOCKCHAIN,0%
2018-03-19,BLOCKCHAIN,0%
2018-03-19,BLOCKCHAIN,0%
2018-03-19,BLOCKCHAIN,0%
2018-03-19,BLOCKCHAIN,0%
2018-03-19,BLOCKCHAIN,0%
2018-03-19,BLOCKCHAIN,0%
2018-03-19,BLOCKCHAIN,0%
2018-03-19,BLOCKCHAIN,0%
2018-03-19,BLOCKCHAIN,0%
2018-03-19,BLOCKCHAIN,0%
2018-03-19,BLOCKCHAIN,0%
2018-03-19,BLOCKCHAIN,0%
2018-03-19,BLOCKCHAIN,0%
2018-03-19,BLOCKCHAIN,0%
2018-03-19,BLOCKCHAIN,0%
2018-03-19,BLOCKCHAIN,0%
2018-03-19,BLOCKCHAIN,0%
2018-03-19,BLOCKCHAIN,0%
2018-03-19,BLOCKCHAIN,0%
2018-03-19,BLOCKCHAIN,0%
2018-03-19,BLOCKCHAIN,0%
2018-03-19,BLOCKCHAIN,0%
2018-03-19,BLOCKCHAIN,0%
2018-03-19,BLOCKCHAIN,0%
2018-03-19,BLOCKCHAIN,0%
2018-03-19,BLOCKCHAIN,0%
2018-03-19,BLOCKCHAIN,0%
2018-03-19,BLOCKCHAIN,0%
2018-03-19,BLOCKCHAIN,0%
2018-03-19,BLOCKCHAIN,0%
2018-03-19,BLOCKCHAIN,0%
2018-03-19,BLOCKCHAIN,0%
2018-03-19,BLOCKCHAIN,66%
2018-03-19,BLOCKCHAIN,0%
2018-03-19,BLOCKCHAIN,0%
2018-03-19,BLOCKCHAIN,0%
2018-03-19,BLOCKCHAIN,0%
2018-03-19,BLOCKCHAIN,0%
2018-03-19,BLOCKCHAIN,0%
2018-03-19,BLOCKCHAIN,0%
2018-03-19,BLOCKCHAIN,0%
2018-03-19,BLOCKCHAIN,0%
2018-03-19,BLOCKCHAIN,0%
2018-03-19,BLOCKCHAIN,0%
2018-03-19,BLOCKCHAIN,0%
2018-03-19,BLOCKCHAIN,0%
2018-03-19,BLOCKCHAIN,0%
2018-03-19,BLOCKCHAIN,0%
2018-03-19,BLOCKCHAIN,0%
2018-03-19,BLOCKCHAIN,0%
2018-03-19,BLOCKCHAIN,0%
2018-03-19,BLOCKCHAIN,0%
2018-03-19,BLOCKCHAIN,0%
2018-03-19,BLOCKCHAIN,0%
2018-03-19,BLOCKCHAIN,0%
2018-03-19,BLOCKCHAIN,0%
2018-03-19,BLOCKCHAIN,0%
2018-03-19,BLOCKCHAIN,0%
2018-03-19,BLOCKCHAIN,0%
2018-03-19,BLOCKCHAIN,0%
2018-03-19,BLOCKCHAIN,0%
2018-03-19,BLOCKCHAIN,0%
2018-03-19,BLOCKCHAIN,0%
2018-03-19,BLOCKCHAIN,0%
2018-03-19,BLOCKCHAIN,0%
2018-03-19,BLOCKCHAIN,0%
2018-03-19,BLOCKCHAIN,0%
2018-03-19,BLOCKCHAIN,0%
2018-03-19,BLOCKCHAIN,0%
2018-03-19,BLOCKCHAIN,0%
2018-03-19,BLOCKCHAIN,0%
2018-03-19,BLOCKCHAIN,0%
2018-03-19,BLOCKCHAIN,0%
2018-03-19,BLOCKCHAIN,0%
2018-03-19,BLOCKCHAIN,0%
2018-03-19,BLOCKCHAIN,0%
2018-03-19,BLOCKCHAIN,0%
2018-03-19,BLOCKCHAIN,0%
2018-03-19,BLOCKCHAIN,0%
2018-03-19,BLOCKCHAIN,0%
2018-03-19,CFI,0%
2018-03-19,CFI,0%
2018-03-19,CFI,0%
2018-03-19,CFI,0%
2018-03-19,CFI,0%
2018-03-19,CFI,0%
2018-03-19,CFI,0%
2018-03-19,CFI,0%
2018-03-19,CFI,0%
2018-03-19,CFI,0%
2018-03-19,CFI,0%
2018-03-19,CFI,0%
2018-03-19,CFI,0%
2018-03-19,CFI,0%
2018-03-19,CFI,0%
2018-03-19,CFI,0%
2018-03-19,CFI,0%
2018-03-19,CFI,0%
2018-03-19,CFI,0%
2018-03-19,CFI,0%
2018-03-19,CFI,0%
2018-03-19,CFI,0%
2018-03-19,CFI,0%
2018-03-19,CFI,0%
2018-03-19,CFI,0%
2018-03-19,CFI,0%
2018-03-19,CFI,0%
2018-03-19,CFI,0%
2018-03-19,CFI,0%
2018-03-19,CFI,0%
2018-03-19,CFI,0%
2018-03-19,CFI,0%
2018-03-19,CFI,0%
2018-03-19,CFI,0%
2018-03-19,CFI,0%
2018-03-19,CFI,0%
2018-03-19,CFI,0%
2018-03-19,CFI,0%
2018-03-19,CFI,0%
2018-03-19,CFI,0%
2018-03-19,CFI,0%
2018-03-19,CFI,0%
2018-03-19,CFI,0%
2018-03-19,CFI,0%
2018-03-19,CFI,0%
2018-03-19,CFI,0%
2018-03-19,CFI,0%
2018-03-19,CFI,0%
2018-03-19,CFI,4%
2018-03-19,CFI,0%
2018-03-19,CFI,0%
2018-03-19,CFI,0%
2018-03-19,CFI,0%
2018-03-19,CFI,0%
2018-03-19,CFI,0%
2018-03-19,CFI,0%
2018-03-19,CFI,0%
2018-03-19,CFI,0%
2018-03-19,CFI,0%
2018-03-19,CFI,0%
2018-03-19,CFI,0%
2018-03-19,CFI,0%
2018-03-19,CFI,0%
2018-03-19,CFI,0%
2018-03-19,CFI,0%
2018-03-19,CFI,0%
2018-03-19,CFI,0%
2018-03-19,CFI,0%
2018-03-19,CFI,0%
2018-03-19,CFI,0%
2018-03-19,CFI,0%
2018-03-19,CFI,0%
2018-03-19,CFI,0%
2018-03-19,CFI,0%
2018-03-19,CFI,0%
2018-03-19,CFI,0%
2018-03-19,CFI,0%
2018-03-19,CFI,0%
2018-03-19,CFI,0%
2018-03-19,CFI,0%
2018-03-19,CFI,0%
2018-03-19,CFI,0%
2018-03-19,CFI,0%
2018-03-19,CFI,0%
2018-03-19,CFI,0%
2018-03-19,CFI,0%
2018-03-19,CFI,0%
2018-03-19,CFI,0%
2018-03-19,CFI,0%
2018-03-19,CFI,0%
2018-03-19,CFI,0%
2018-03-19,CFI,0%
2018-03-19,CFI,0%
2018-03-19,CFI,0%
2018-03-19,CFI,0%
2018-03-19,CFI,0%
2018-03-19,CFI,0%
2018-03-19,CFI,0%
2018-03-19,CFI,0%
2018-03-19,CFI,0%
2018-03-19,CFI,0%
2018-03-19,CFI,0%
2018-03-19,CFI,0%
2018-03-19,CFI,0%
2018-03-19,CFI,0%
2018-03-19,CFI,0%
2018-03-19,CFI,0%
2018-03-19,CFI,0%
2018-03-19,CFI,0%
2018-03-19,CFI,0%
2018-03-19,CFI,0%
2018-03-19,CFI,0%
2018-03-19,CFI,0%
2018-03-19,CFI,0%
2018-03-19,CFI,0%
2018-03-19,CFI,0%
2018-03-19,CFI,0%
2018-03-19,CFI,0%
2018-03-19,CFI,0%
2018-03-19,CFI,0%
2018-03-19,CFI,0%
2018-03-19,CFI,0%
2018-03-19,CFI,0%
2018-03-19,CFI,0%
2018-03-19,CFI,0%
2018-03-19,CFI,0%
2018-03-19,CFI,0%
2018-03-19,CFI,0%
2018-03-19,CFI,0%
2018-03-19,CFI,0%
2018-03-19,CFI,0%
2018-03-19,CFI,0%
2018-03-19,CFI,0%
2018-03-19,CFI,0%
2018-03-19,CFI,0%
2018-03-19,CFI,0%
2018-03-19,CFI,0%
2018-03-19,CFI,0%
2018-03-19,CFI,0%
2018-03-19,CFI,0%
2018-03-19,CFI,0%
2018-03-19,CFI,0%
2018-03-19,CFI,0%
2018-03-19,CFI,0%
2018-03-19,CFI,0%
2018-03-19,CFI,0%
2018-03-19,CFI,0%
2018-03-19,CFI,0%
2018-03-19,CFI,0%
2018-03-19,CFI,0%
2018-03-19,CFI,0%
2018-03-19,CFI,0%
2018-03-19,CFI,0%
2018-03-19,CFI,0%
2018-03-19,CFI,0%
2018-03-19,CFI,0%
2018-03-19,CFI,0%
2018-03-19,CFI,0%
2018-03-19,CFI,0%
2018-03-19,CFI,0%
2018-03-19,CFI,0%
2018-03-19,CFI,0%
2018-03-19,CFI,0%
2018-03-19,CFI,0%
2018-03-19,CFI,0%
2018-03-19,CFI,0%
2018-03-19,CFI,0%
2018-03-19,CFI,0%
2018-03-19,CFI,0%
2018-03-19,CFI,0%
2018-03-19,CFI,0%
2018-03-19,CFI,0%
2018-03-19,CFI,1%
2018-03-19,CFI,0%
2018-03-19,CFI,0%
2018-03-19,CFI,0%
2018-03-19,CFI,0%
2018-03-19,CFI,0%
2018-03-19,CFI,0%
2018-03-19,CFI,0%
2018-03-19,CFI,0%
2018-03-19,CFI,0%
2018-03-19,CFI,0%
2018-03-19,CFI,0%
2018-03-19,CFI,0%
2018-03-19,CFI,0%
2018-03-19,CFI,0%
2018-03-19,CFI,0%
2018-03-19,CFI,0%
2018-03-19,CFI,0%
2018-03-19,DESIGN,0%
2018-03-19,DESIGN,0%
2018-03-19,DESIGN,0%
2018-03-19,DESIGN,0%
2018-03-19,DESIGN,0%
2018-03-19,DESIGN,0%
2018-03-19,DESIGN,0%
2018-03-19,DESIGN,0%
2018-03-19,DESIGN,0%
2018-03-19,DESIGN,0%
2018-03-19,DESIGN,0%
2018-03-19,DESIGN,0%
2018-03-19,DESIGN,0%
2018-03-19,DESIGN,0%
2018-03-19,DESIGN,0%
2018-03-19,DESIGN,0%
2018-03-19,DESIGN,0%
2018-03-19,DESIGN,0%
2018-03-19,DESIGN,0%
2018-03-19,DESIGN,0%
2018-03-19,DESIGN,0%
2018-03-19,DESIGN,0%
2018-03-19,DESIGN,0%
2018-03-19,DESIGN,0%
2018-03-19,DESIGN,0%
2018-03-19,DESIGN,0%
2018-03-19,DESIGN,0%
2018-03-19,DESIGN,0%
2018-03-19,DESIGN,0%
2018-03-19,DESIGN,0%
2018-03-19,DESIGN,0%
2018-03-19,DESIGN,0%
2018-03-19,DESIGN,0%
2018-03-19,DESIGN,0%
2018-03-19,DESIGN,0%
2018-03-19,DESIGN,0%
2018-03-19,DESIGN,0%
2018-03-19,DESIGN,0%
2018-03-19,DESIGN,0%
2018-03-19,DESIGN,0%
2018-03-19,DESIGN,0%
2018-03-19,DESIGN,0%
2018-03-19,DESIGN,0%
2018-03-19,DESIGN,0%
2018-03-19,DESIGN,0%
2018-03-19,DESIGN,0%
2018-03-19,DESIGN,0%
2018-03-19,DESIGN,0%
2018-03-19,DESIGN,0%
2018-03-19,DESIGN,0%
2018-03-19,DESIGN,0%
2018-03-19,DESIGN,0%
2018-03-19,DESIGN,0%
2018-03-19,DESIGN,0%
2018-03-19,DESIGN,0%
2018-03-19,DESIGN,0%
2018-03-19,DESIGN,0%
2018-03-19,DESIGN,0%
2018-03-19,DESIGN,0%
2018-03-19,DESIGN,0%
2018-03-19,DESIGN,0%
2018-03-19,DESIGN,0%
2018-03-19,DESIGN,0%
2018-03-19,DESIGN,0%
2018-03-19,DESIGN,0%
2018-03-19,DESIGN,0%
2018-03-19,DESIGN,0%
2018-03-19,DESIGN,0%
2018-03-19,DESIGN,0%
2018-03-19,DESIGN,0%
2018-03-19,DESIGN,0%
2018-03-19,DESIGN,0%
2018-03-19,DESIGN,0%
2018-03-19,DESIGN,0%
2018-03-19,DESIGN,0%
2018-03-19,DESIGN,0%
2018-03-19,DESIGN,0%
2018-03-19,DESIGN,0%
2018-03-19,DESIGN,0%
2018-03-19,DESIGN,0%
2018-03-19,DESIGN,0%
2018-03-19,DESIGN,0%
2018-03-19,DESIGN,0%
2018-03-19,DESIGN,0%
2018-03-19,DESIGN,0%
2018-03-19,DESIGN,0%
2018-03-19,DESIGN,0%
2018-03-19,DESIGN,0%
2018-03-19,DESIGN,0%
2018-03-19,DESIGN,0%
2018-03-19,DESIGN,0%
2018-03-19,DESIGN,0%
2018-03-19,DESIGN,0%
2018-03-19,DESIGN,0%
2018-03-19,DESIGN,0%
2018-03-19,DESIGN,0%
2018-03-19,DESIGN,0%
2018-03-19,DESIGN,0%
2018-03-19,DESIGN,0%
2018-03-19,DESIGN,0%
2018-03-19,DESIGN,0%
2018-03-19,DESIGN,0%
2018-03-19,DESIGN,0%
2018-03-19,DESIGN,0%
2018-03-19,DESIGN,0%
2018-03-19,DESIGN,0%
2018-03-19,DESIGN,0%
2018-03-19,DESIGN,0%
2018-03-19,DESIGN,0%
2018-03-19,DESIGN,0%
2018-03-19,DESIGN,0%
2018-03-19,DESIGN,0%
2018-03-19,DESIGN,0%
2018-03-19,DESIGN,0%
2018-03-19,DESIGN,0%
2018-03-19,DESIGN,0%
2018-03-19,DESIGN,0%
2018-03-19,DESIGN,0%
2018-03-19,DESIGN,0%
2018-03-19,DESIGN,0%
2018-03-19,DESIGN,0%
2018-03-19,DESIGN,0%
2018-03-19,DESIGN,0%
2018-03-19,DESIGN,0%
2018-03-19,DESIGN,0%
2018-03-19,DESIGN,0%
2018-03-19,DESIGN,0%
2018-03-19,DESIGN,0%
2018-03-19,DESIGN,0%
2018-03-19,DESIGN,0%
2018-03-19,DESIGN,0%
2018-03-19,DESIGN,0%
2018-03-19,DESIGN,0%
2018-03-19,DESIGN,0%
2018-03-19,DESIGN,0%
2018-03-19,DESIGN,0%
2018-03-19,DESIGN,0%
2018-03-19,DESIGN,0%
2018-03-19,DESIGN,0%
2018-03-19,DESIGN,0%
2018-03-19,DESIGN,0%
2018-03-19,DESIGN,0%
2018-03-19,DESIGN,0%
2018-03-19,DESIGN,0%
2018-03-19,DESIGN,0%
2018-03-19,DESIGN,0%
2018-03-19,DESIGN,0%
2018-03-19,DESIGN,0%
2018-03-19,DESIGN,0%
2018-03-19,DESIGN,0%
2018-03-19,DESIGN,0%
2018-03-19,DESIGN,0%
2018-03-19,DESIGN,0%
2018-03-19,DESIGN,0%
2018-03-19,DESIGN,0%
2018-03-19,DESIGN,0%
2018-03-19,DESIGN,0%
2018-03-19,DESIGN,0%
2018-03-19,DESIGN,0%
2018-03-19,DESIGN,0%
2018-03-19,DESIGN,0%
2018-03-19,DESIGN,0%
2018-03-19,DESIGN,0%
2018-03-19,DESIGN,0%
2018-03-19,DESIGN,0%
2018-03-19,DESIGN,0%
2018-03-19,DESIGN,0%
2018-03-19,DESIGN,0%
2018-03-19,DESIGN,0%
2018-03-19,DESIGN,0%
2018-03-19,DESIGN,0%
2018-03-19,DESIGN,0%
2018-03-19,DESIGN,0%
2018-03-19,DESIGN,0%
2018-03-19,DESIGN,0%
2018-03-19,DESIGN,0%
2018-03-19,DESIGN,0%
2018-03-19,DESIGN,0%
2018-03-19,DESIGN,0%
2018-03-19,DESIGN,0%
2018-03-19,DESIGN,0%
2018-03-19,DESIGN,0%
2018-03-19,DESIGN,0%
2018-03-19,DESIGN,0%
2018-03-19,DESIGN,0%
2018-03-19,DESIGN,0%
2018-03-19,DESIGN,0%
2018-03-19,DESIGN,0%
2018-03-19,DESIGN,0%
2018-03-19,DESIGN,0%
2018-03-19,MVP,0%
2018-03-19,MVP,0%
2018-03-19,MVP,0%
2018-03-19,MVP,0%
2018-03-19,MVP,0%
2018-03-19,MVP,0%
2018-03-19,MVP,0%
2018-03-19,MVP,0%
2018-03-19,MVP,0%
2018-03-19,MVP,0%
2018-03-19,MVP,0%
2018-03-19,MVP,0%
2018-03-19,MVP,0%
2018-03-19,MVP,0%
2018-03-19,MVP,0%
2018-03-19,MVP,0%
2018-03-19,MVP,0%
2018-03-19,MVP,0%
2018-03-19,MVP,0%
2018-03-19,MVP,0%
2018-03-19,MVP,0%
2018-03-19,MVP,0%
2018-03-19,MVP,0%
2018-03-19,MVP,0%
2018-03-19,MVP,0%
2018-03-19,MVP,0%
2018-03-19,MVP,0%
2018-03-19,MVP,0%
2018-03-19,MVP,0%
2018-03-19,MVP,0%
2018-03-19,MVP,0%
2018-03-19,MVP,0%
2018-03-19,MVP,0%
2018-03-19,MVP,0%
2018-03-19,MVP,0%
2018-03-19,MVP,0%
2018-03-19,MVP,0%
2018-03-19,MVP,0%
2018-03-19,MVP,0%
2018-03-19,MVP,0%
2018-03-19,MVP,0%
2018-03-19,MVP,0%
2018-03-19,MVP,0%
2018-03-19,MVP,0%
2018-03-19,MVP,0%
2018-03-19,MVP,0%
2018-03-19,MVP,0%
2018-03-19,MVP,0%
2018-03-19,MVP,0%
2018-03-19,MVP,0%
2018-03-19,MVP,0%
2018-03-19,MVP,0%
2018-03-19,MVP,0%
2018-03-19,MVP,0%
2018-03-19,MVP,0%
2018-03-19,MVP,0%
2018-03-19,MVP,0%
2018-03-19,MVP,0%
2018-03-19,MVP,0%
2018-03-19,MVP,0%
2018-03-19,MVP,0%
2018-03-19,MVP,0%
2018-03-19,MVP,0%
2018-03-19,MVP,0%
2018-03-19,MVP,0%
2018-03-19,MVP,0%
2018-03-19,MVP,0%
2018-03-19,MVP,0%
2018-03-19,MVP,0%
2018-03-19,MVP,0%
2018-03-19,MVP,0%
2018-03-19,MVP,0%
2018-03-19,MVP,0%
2018-03-19,MVP,0%
2018-03-19,MVP,0%
2018-03-19,MVP,0%
2018-03-19,MVP,0%
2018-03-19,MVP,0%
2018-03-19,MVP,0%
2018-03-19,MVP,0%
2018-03-19,MVP,0%
2018-03-19,MVP,0%
2018-03-19,MVP,0%
2018-03-19,MVP,0%
2018-03-19,MVP,0%
2018-03-19,MVP,0%
2018-03-19,MVP,0%
2018-03-19,MVP,0%
2018-03-19,MVP,0%
2018-03-19,MVP,0%
2018-03-19,MVP,0%
2018-03-19,MVP,0%
2018-03-19,MVP,0%
2018-03-19,MVP,0%
2018-03-19,MVP,0%
2018-03-19,MVP,0%
2018-03-19,MVP,0%
2018-03-19,MVP,0%
2018-03-19,MVP,0%
2018-03-19,MVP,0%
2018-03-19,MVP,0%
2018-03-19,MVP,0%
2018-03-19,MVP,0%
2018-03-19,MVP,0%
2018-03-19,MVP,0%
2018-03-19,MVP,0%
2018-03-19,MVP,0%
2018-03-19,MVP,0%
2018-03-19,MVP,0%
2018-03-19,MVP,0%
2018-03-19,MVP,0%
2018-03-19,MVP,0%
2018-03-19,MVP,0%
2018-03-19,MVP,0%
2018-03-19,MVP,0%
2018-03-19,MVP,0%
2018-03-19,MVP,0%
2018-03-19,MVP,0%
2018-03-19,MVP,0%
2018-03-19,MVP,0%
2018-03-19,MVP,0%
2018-03-19,MVP,0%
2018-03-19,MVP,0%
2018-03-19,MVP,0%
2018-03-19,MVP,0%
2018-03-19,MVP,0%
2018-03-19,MVP,0%
2018-03-19,MVP,0%
2018-03-19,MVP,0%
2018-03-19,MVP,0%
2018-03-19,MVP,0%
2018-03-19,MVP,0%
2018-03-19,MVP,0%
2018-03-19,MVP,0%
2018-03-19,MVP,0%
2018-03-19,MVP,0%
2018-03-19,MVP,0%
2018-03-19,MVP,0%
2018-03-19,MVP,0%
2018-03-19,MVP,0%
2018-03-19,MVP,0%
2018-03-19,MVP,0%
2018-03-19,MVP,0%
2018-03-19,MVP,0%
2018-03-19,MVP,0%
2018-03-19,MVP,0%
2018-03-19,MVP,0%
2018-03-19,MVP,0%
2018-03-19,MVP,0%
2018-03-19,MVP,0%
2018-03-19,MVP,0%
2018-03-19,MVP,0%
2018-03-19,MVP,0%
2018-03-19,MVP,0%
2018-03-19,MVP,0%
2018-03-19,MVP,0%
2018-03-19,MVP,0%
2018-03-19,MVP,0%
2018-03-19,MVP,0%
2018-03-19,MVP,0%
2018-03-19,MVP,0%
2018-03-19,MVP,0%
2018-03-19,MVP,0%
2018-03-19,MVP,0%
2018-03-19,MVP,0%
2018-03-19,MVP,0%
2018-03-19,MVP,0%
2018-03-19,MVP,0%
2018-03-19,MVP,0%
2018-03-19,MVP,0%
2018-03-19,MVP,0%
2018-03-19,MVP,0%
2018-03-19,MVP,0%
2018-03-19,MVP,0%
2018-03-19,MVP,0%
2018-03-19,MVP,0%
2018-03-19,MVP,0%
2018-03-19,MVP,0%
2018-03-19,MVP,0%
2018-03-19,MVP,0%
2018-03-19,MVP,0%
2018-03-19,MVP,0%
2018-03-19,MVP,0%
2018-03-19,MVP,0%
2018-03-19,MVP,0%
2018-03-19,MVP,0%
2018-03-19,MVP,0%
2018-03-19,MVP,0%
2018-03-19,MVP,0%
2018-03-19,MVP,0%
2018-03-19,SCP,0%
2018-03-19,SCP,0%
2018-03-19,SCP,12%
2018-03-19,SCP,0%
2018-03-19,SCP,0%
2018-03-19,SCP,0%
2018-03-19,SCP,0%
2018-03-19,SCP,0%
2018-03-19,SCP,0%
2018-03-19,SCP,0%
2018-03-19,SCP,15%
2018-03-19,SCP,0%
2018-03-19,SCP,0%
2018-03-19,SCP,76%
2018-03-19,SCP,0%
2018-03-19,SCP,0%
2018-03-19,SCP,0%
2018-03-19,SCP,0%
2018-03-19,SCP,0%
2018-03-19,SCP,16%
2018-03-19,SCP,0%
2018-03-19,SCP,0%
2018-03-19,SCP,0%
2018-03-19,SCP,0%
2018-03-19,SCP,0%
2018-03-19,SCP,8%
2018-03-19,SCP,0%
2018-03-19,SCP,74%
2018-03-19,SCP,6%
2018-03-19,SCP,0%
2018-03-19,SCP,95%
2018-03-19,SCP,0%
2018-03-19,SCP,8%
2018-03-19,SCP,8%
2018-03-19,SCP,15%
2018-03-19,SCP,0%
2018-03-19,SCP,0%
2018-03-19,SCP,0%
2018-03-19,SCP,0%
2018-03-19,SCP,0%
2018-03-19,SCP,0%
2018-03-19,SCP,0%
2018-03-19,SCP,32%
2018-03-19,SCP,0%
2018-03-19,SCP,0%
2018-03-19,SCP,45%
2018-03-19,SCP,0%
2018-03-19,SCP,0%
2018-03-19,SCP,35%
2018-03-19,SCP,0%
2018-03-19,SCP,0%
2018-03-19,SCP,0%
2018-03-19,SCP,0%
2018-03-19,SCP,0%
2018-03-19,SCP,0%
2018-03-19,SCP,0%
2018-03-19,SCP,32%
2018-03-19,SCP,0%
2018-03-19,SCP,0%
2018-03-19,SCP,0%
2018-03-19,SCP,0%
2018-03-19,SCP,93%
2018-03-19,SCP,0%
2018-03-19,SCP,0%
2018-03-19,SCP,0%
2018-03-19,SCP,0%
2018-03-19,SCP,0%
2018-03-19,SCP,0%
2018-03-19,SCP,0%
2018-03-19,SCP,0%
2018-03-19,SCP,0%
2018-03-19,SCP,0%
2018-03-19,SCP,0%
2018-03-19,SCP,0%
2018-03-19,SCP,0%
2018-03-19,SCP,0%
2018-03-19,SCP,4%
2018-03-19,SCP,0%
2018-03-19,SCP,0%
2018-03-19,SCP,0%
2018-03-19,SCP,0%
2018-03-19,SCP,0%
2018-03-19,SCP,0%
2018-03-19,SCP,0%
2018-03-19,SCP,0%
2018-03-19,SCP,0%
2018-03-19,SCP,60%
2018-03-19,SCP,0%
2018-03-19,SCP,0%
2018-03-19,SCP,0%
2018-03-19,SCP,0%
2018-03-19,SCP,0%
2018-03-19,SCP,0%
2018-03-19,SCP,35%
2018-03-19,SCP,0%
2018-03-19,SCP,0%
2018-03-19,SCP,0%
2018-03-19,SCP,88%
2018-03-19,SCP,100%
2018-03-19,SCP,0%
2018-03-19,SCP,0%
2018-03-19,SCP,0%
2018-03-19,SCP,0%
2018-03-19,SCP,0%
2018-03-19,SCP,1%
2018-03-19,SCP,1%
2018-03-19,SCP,0%
2018-03-19,SCP,0%
2018-03-19,SCP,0%
2018-03-19,SCP,0%
2018-03-19,SCP,0%
2018-03-19,SCP,0%
2018-03-19,SCP,52%
2018-03-19,SCP,0%
2018-03-19,SCP,0%
2018-03-19,SCP,0%
2018-03-19,SCP,6%
2018-03-19,SCP,0%
2018-03-19,SCP,0%
2018-03-19,SCP,0%
2018-03-19,SCP,0%
2018-03-19,SCP,0%
2018-03-19,SCP,0%
2018-03-19,SCP,95%
2018-03-19,SCP,0%
2018-03-19,SCP,11%
2018-03-19,SCP,0%
2018-03-19,SCP,52%
2018-03-19,SCP,8%
2018-03-19,SCP,26%
2018-03-19,SCP,0%
2018-03-19,SCP,0%
2018-03-19,SCP,0%
2018-03-19,SCP,0%
2018-03-19,SCP,0%
2018-03-19,SCP,96%
2018-03-19,SCP,0%
2018-03-19,SCP,0%
2018-03-19,SCP,0%
2018-03-19,SCP,8%
2018-03-19,SCP,0%
2018-03-19,SCP,0%
2018-03-19,SCP,0%
2018-03-19,SCP,0%
2018-03-19,SCP,0%
2018-03-19,SCP,0%
2018-03-19,SCP,0%
2018-03-19,SCP,0%
2018-03-19,SCP,0%
2018-03-19,SCP,0%
2018-03-19,SCP,9%
2018-03-19,SCP,0%
2018-03-19,SCP,0%
2018-03-19,SCP,0%
2018-03-19,SCP,15%
2018-03-19,SCP,17%
2018-03-19,SCP,1%
2018-03-19,SCP,76%
2018-03-19,SCP,3%
2018-03-19,SCP,0%
2018-03-19,SCP,16%
2018-03-19,SCP,0%
2018-03-19,SCP,0%
2018-03-19,SCP,0%
2018-03-19,SCP,0%
2018-03-19,SCP,15%
2018-03-19,SCP,0%
2018-03-19,SCP,0%
2018-03-19,SCP,0%
2018-03-19,SCP,0%
2018-03-19,SCP,0%
2018-03-19,SCP,59%
2018-03-19,SCP,4%
2018-03-19,SCP,0%
2018-03-19,SCP,14%
2018-03-19,SCP,0%
2018-03-19,SCP,0%
2018-03-19,SCP,0%
2018-03-19,SCP,0%
2018-03-19,SCP,0%
2018-03-19,SCP,0%
2018-03-19,SCP,0%
2018-03-19,SCP,0%
2018-03-19,SCP,0%
2018-03-19,SCP,34%
2018-03-19,SCP,0%
2018-03-19,SCP,1%
2018-03-19,SCP,0%
2018-03-19,SCP,0%
2018-03-19,SCP,6%
2018-03-19,ROBO,0%
2018-03-19,ROBO,0%
2018-03-19,ROBO,0%
2018-03-19,ROBO,0%
2018-03-19,ROBO,0%
2018-03-19,ROBO,0%
2018-03-19,ROBO,0%
2018-03-19,ROBO,0%
2018-03-19,ROBO,0%
2018-03-19,ROBO,0%
2018-03-19,ROBO,0%
2018-03-19,ROBO,0%
2018-03-19,ROBO,0%
2018-03-19,ROBO,0%
2018-03-19,ROBO,0%
2018-03-19,ROBO,0%
2018-03-19,ROBO,0%
2018-03-19,ROBO,0%
2018-03-19,ROBO,0%
2018-03-19,ROBO,0%
2018-03-19,ROBO,0%
2018-03-19,ROBO,0%
2018-03-19,ROBO,0%
2018-03-19,ROBO,0%
2018-03-19,ROBO,0%
2018-03-19,ROBO,0%
2018-03-19,ROBO,0%
2018-03-19,ROBO,0%
2018-03-19,ROBO,0%
2018-03-19,ROBO,0%
2018-03-19,ROBO,0%
2018-03-19,ROBO,0%
2018-03-19,ROBO,0%
2018-03-19,ROBO,0%
2018-03-19,ROBO,0%
2018-03-19,ROBO,0%
2018-03-19,ROBO,0%
2018-03-19,ROBO,0%
2018-03-19,ROBO,0%
2018-03-19,ROBO,0%
2018-03-19,ROBO,0%
2018-03-19,ROBO,0%
2018-03-19,ROBO,0%
2018-03-19,ROBO,0%
2018-03-19,ROBO,0%
2018-03-19,ROBO,97%
2018-03-19,ROBO,0%
2018-03-19,ROBO,0%
2018-03-19,ROBO,0%
2018-03-19,ROBO,0%
2018-03-19,ROBO,0%
2018-03-19,ROBO,0%
2018-03-19,ROBO,0%
2018-03-19,ROBO,0%
2018-03-19,ROBO,0%
2018-03-19,ROBO,0%
2018-03-19,ROBO,0%
2018-03-19,ROBO,0%
2018-03-19,ROBO,0%
2018-03-19,ROBO,0%
2018-03-19,ROBO,0%
2018-03-19,ROBO,0%
2018-03-19,ROBO,0%
2018-03-19,ROBO,0%
2018-03-19,ROBO,0%
2018-03-19,ROBO,0%
2018-03-19,ROBO,0%
2018-03-19,ROBO,0%
2018-03-19,ROBO,0%
2018-03-19,ROBO,0%
2018-03-19,ROBO,0%
2018-03-19,ROBO,0%
2018-03-19,ROBO,0%
2018-03-19,ROBO,0%
2018-03-19,ROBO,0%
2018-03-19,ROBO,0%
2018-03-19,ROBO,0%
2018-03-19,ROBO,0%
2018-03-19,ROBO,0%
2018-03-19,ROBO,0%
2018-03-19,ROBO,0%
2018-03-19,ROBO,0%
2018-03-19,ROBO,0%
2018-03-19,ROBO,0%
2018-03-19,ROBO,0%
2018-03-19,ROBO,0%
2018-03-19,ROBO,0%
2018-03-19,ROBO,0%
2018-03-19,ROBO,0%
2018-03-19,ROBO,0%
2018-03-19,ROBO,0%
2018-03-19,ROBO,0%
2018-03-19,ROBO,0%
2018-03-19,ROBO,0%
2018-03-19,ROBO,0%
2018-03-19,ROBO,0%
2018-03-19,ROBO,0%
2018-03-19,ROBO,0%
2018-03-19,ROBO,0%
2018-03-19,ROBO,0%
2018-03-19,ROBO,0%
2018-03-19,ROBO,0%
2018-03-19,ROBO,0%
2018-03-19,ROBO,0%
2018-03-19,ROBO,0%
2018-03-19,ROBO,0%
2018-03-19,ROBO,0%
2018-03-19,ROBO,0%
2018-03-19,ROBO,0%
2018-03-19,ROBO,0%
2018-03-19,ROBO,94%
2018-03-19,ROBO,0%
2018-03-19,ROBO,0%
2018-03-19,ROBO,0%
2018-03-19,ROBO,0%
2018-03-19,ROBO,0%
2018-03-19,ROBO,0%
2018-03-19,ROBO,0%
2018-03-19,ROBO,0%
2018-03-19,ROBO,0%
2018-03-19,ROBO,0%
2018-03-19,ROBO,0%
2018-03-19,ROBO,0%
2018-03-19,ROBO,3%
2018-03-19,ROBO,0%
2018-03-19,ROBO,0%
2018-03-19,ROBO,0%
2018-03-19,ROBO,0%
2018-03-19,ROBO,0%
2018-03-19,ROBO,0%
2018-03-19,ROBO,0%
2018-03-19,ROBO,0%
2018-03-19,ROBO,0%
2018-03-19,ROBO,0%
2018-03-19,ROBO,0%
2018-03-19,ROBO,0%
2018-03-19,ROBO,0%
2018-03-19,ROBO,0%
2018-03-19,ROBO,0%
2018-03-19,ROBO,0%
2018-03-19,ROBO,0%
2018-03-19,ROBO,0%
2018-03-19,ROBO,22%
2018-03-19,ROBO,0%
2018-03-19,ROBO,0%
2018-03-19,ROBO,0%
2018-03-19,ROBO,0%
2018-03-19,ROBO,0%
2018-03-19,ROBO,0%
2018-03-19,ROBO,0%
2018-03-19,ROBO,0%
2018-03-19,ROBO,0%
2018-03-19,ROBO,0%
2018-03-19,ROBO,0%
2018-03-19,ROBO,0%
2018-03-19,ROBO,0%
2018-03-19,ROBO,0%
2018-03-19,ROBO,100%
2018-03-19,ROBO,0%
2018-03-19,ROBO,0%
2018-03-19,ROBO,0%
2018-03-19,ROBO,0%
2018-03-19,ROBO,0%
2018-03-19,ROBO,0%
2018-03-19,ROBO,0%
2018-03-19,ROBO,0%
2018-03-19,ROBO,0%
2018-03-19,ROBO,0%
2018-03-19,ROBO,0%
2018-03-19,ROBO,0%
2018-03-19,ROBO,0%
2018-03-19,ROBO,100%
2018-03-19,ROBO,0%
2018-03-19,ROBO,0%
2018-03-19,ROBO,0%
2018-03-19,ROBO,0%
2018-03-19,ROBO,0%
2018-03-19,ROBO,0%
2018-03-19,ROBO,0%
2018-03-19,ROBO,0%
2018-03-19,ROBO,0%
2018-03-19,ROBO,0%
2018-03-19,ROBO,0%
2018-03-19,ROBO,0%
2018-03-19,ROBO,0%
2018-03-19,ROBO,0%
2018-03-19,ROBO,0%
2018-03-19,ROBO,0%
2018-03-19,ROBO,0%
2018-03-19,ROBO,0%